qid,state,attribute,question_type,leak_rule,stem,gold
sk00016,Andaman_and_Nicobar,Cultural_Common_Sense,Association,gold_text_in_stem,Pyinma (Lagerstroemia hypoleuca) is associated to which region of Andaman_and_Nicobar?,Andaman and Nicobar
sk00017,Andaman_and_Nicobar,Cultural_Common_Sense,Association,gold_text_in_stem,Where is the Pyinma (Lagerstroemia hypoleuca) famous within Andaman_and_Nicobar?,Andaman and Nicobar
sk00018,Andaman_and_Nicobar,Cultural_Common_Sense,Association,gold_state_name,"Where do indigenous Nicobarese communities build distinctive raised-floor dwellings called ""machans"" to protect against tidal surges and wildlife?",Andaman and Nicobar
sk00036,Andaman_and_Nicobar,Personalities,Association,gold_text_in_stem,Marco Polo's encounters is associated to which region of Andaman_and_Nicobar?,Andaman_and_Nicobar
sk00038,Andaman_and_Nicobar,Personalities,Association,gold_text_in_stem,Where is the Marco Polo's encounters famous within Andaman_and_Nicobar?,Andaman_and_Nicobar
sk00042,Andaman_and_Nicobar,Tourism,Association,gold_text_in_stem,Which of the given regions is home to the Nicobari pig-farming customs?,Nicobari pig-farming customs
sk00052,Andaman_and_Nicobar,Tourism,Association,gold_text_in_stem,Where is the Nicobari pig-farming customs famous within Andaman_and_Nicobar?,Nicobari pig-farming customs
sk00072,Andaman_and_Nicobar,Tourism,Association,gold_text_in_stem,Nicobari pig-farming customs is associated to which region of Andaman_and_Nicobar?,Nicobari pig-farming customs
sk00074,Andhra_Pradesh,Art,Association,gold_text_in_stem,Amaravati school of sculpture is associated to which region of Andhra_Pradesh?,Amaravati
sk00075,Andhra_Pradesh,Art,Association,gold_text_in_stem,Where is the Narsapur lace-making famous within Andhra_Pradesh?,Narsapur
sk00076,Andhra_Pradesh,Art,Association,gold_text_in_stem,Chittoor woodwork is associated to which region of Andhra_Pradesh?,Chittoor
sk00077,Andhra_Pradesh,Art,Association,gold_text_in_stem,Kalamkari textiles Andhra is associated to which region of Andhra_Pradesh?,Andhra_Pradesh
sk00079,Andhra_Pradesh,Art,Association,gold_text_in_stem,Where is the Lepakshi mural paintings famous within Andhra_Pradesh?,Lepakshi
sk00080,Andhra_Pradesh,Art,Association,gold_text_in_stem,Which of the given regions is home to the Eluru carpets Andhra?,Eluru
sk00081,Andhra_Pradesh,Art,Association,gold_text_in_stem,Which of the given regions is home to the Lepakshi mural paintings?,Lepakshi
sk00082,Andhra_Pradesh,Art,Association,gold_text_in_stem,Udayagiri wooden cutlery Andhra is associated to which region of Andhra_Pradesh?,Udayagiri
sk00084,Andhra_Pradesh,Art,Association,gold_text_in_stem,Which of the given regions is home to the Pulicat handloom?,Pulicat
sk00087,Andhra_Pradesh,Art,Association,gold_text_in_stem,Tirupati red sandalwood carvings is associated to which region of Andhra_Pradesh?,Tirupati
sk00088,Andhra_Pradesh,Art,Association,gold_text_in_stem,Which of the given regions is home to the Budithi brass work?,Budithi
sk00089,Andhra_Pradesh,Art,Association,gold_text_in_stem,Where is the Chittoor woodwork famous within Andhra_Pradesh?,Chittoor
sk00090,Andhra_Pradesh,Art,Association,gold_text_in_stem,Where is the Udayagiri wooden cutlery Andhra famous within Andhra_Pradesh?,Udayagiri
sk00091,Andhra_Pradesh,Art,Association,gold_text_in_stem,Where is the Kalamkari textiles Andhra famous within Andhra_Pradesh?,Andhra_Pradesh
sk00092,Andhra_Pradesh,Art,Association,gold_text_in_stem,Which of the given regions is home to the Tirupati red sandalwood carvings?,Tirupati
sk00095,Andhra_Pradesh,Art,Association,gold_text_in_stem,Where is the Tirupati red sandalwood carvings famous within Andhra_Pradesh?,Tirupati
sk00096,Andhra_Pradesh,Art,Association,gold_text_in_stem,Which of the given regions is home to the Amaravati school of sculpture?,Amaravati
sk00098,Andhra_Pradesh,Art,Association,gold_state_name,Which of the given regions is home to the Kalamkari textiles Andhra?,Andhra_Pradesh
sk00099,Andhra_Pradesh,Art,Association,gold_text_in_stem,Which of the given regions is home to the Narsapur lace-making?,Narsapur
sk00101,Andhra_Pradesh,Art,Association,gold_text_in_stem,Where is the Pulicat handloom famous within Andhra_Pradesh?,Pulicat
sk00104,Andhra_Pradesh,Art,Association,gold_text_in_stem,Which of the given regions is home to the Udayagiri wooden cutlery Andhra?,Udayagiri
sk00105,Andhra_Pradesh,Art,Association,gold_text_in_stem,Budithi brass work is associated to which region of Andhra_Pradesh?,Budithi
sk00107,Andhra_Pradesh,Art,Association,gold_text_in_stem,Pulicat handloom is associated to which region of Andhra_Pradesh?,Pulicat
sk00109,Andhra_Pradesh,Art,Association,gold_text_in_stem,Where is the Amaravati school of sculpture famous within Andhra_Pradesh?,Amaravati
sk00111,Andhra_Pradesh,Art,Association,gold_text_in_stem,Where is the Eluru carpets Andhra famous within Andhra_Pradesh?,Eluru
sk00112,Andhra_Pradesh,Art,Association,gold_text_in_stem,Narsapur lace-making is associated to which region of Andhra_Pradesh?,Narsapur
sk00114,Andhra_Pradesh,Art,Association,gold_text_in_stem,Kumbhakonam terracotta pottery is associated to which region of Andhra_Pradesh?,Kumbhakonam
sk00115,Andhra_Pradesh,Art,Association,gold_text_in_stem,Where is the Narayanpet handloom famous within Andhra_Pradesh?,Narayanpet
sk00118,Andhra_Pradesh,Art,Association,gold_text_in_stem,Lepakshi mural paintings is associated to which region of Andhra_Pradesh?,Lepakshi
sk00119,Andhra_Pradesh,Art,Association,gold_text_in_stem,Narayanpet handloom is associated to which region of Andhra_Pradesh?,Narayanpet
sk00122,Andhra_Pradesh,Art,Association,gold_text_in_stem,Which of the given regions is home to the Chittoor woodwork?,Chittoor
sk00124,Andhra_Pradesh,Art,Association,gold_text_in_stem,Where is the Budithi brass work famous within Andhra_Pradesh?,Budithi
sk00125,Andhra_Pradesh,Art,Association,gold_text_in_stem,Which of the given regions is home to the Kumbhakonam terracotta pottery?,Kumbhakonam
sk00126,Andhra_Pradesh,Art,Association,gold_text_in_stem,Eluru carpets Andhra is associated to which region of Andhra_Pradesh?,Eluru
sk00127,Andhra_Pradesh,Art,Association,gold_text_in_stem,Where is the Kumbhakonam terracotta pottery famous within Andhra_Pradesh?,Kumbhakonam
sk00128,Andhra_Pradesh,Art,Association,gold_text_in_stem,Which of the given regions is home to the Narayanpet handloom?,Narayanpet
sk00135,Andhra_Pradesh,Costume,Association,gold_text_in_stem,Venkatagiri sarees Andhra is associated to which region of Andhra_Pradesh?,Venkatagiri
sk00139,Andhra_Pradesh,Costume,Association,gold_text_in_stem,Where is the Venkatagiri sarees Andhra famous within Andhra_Pradesh?,Venkatagiri
sk00143,Andhra_Pradesh,Costume,Association,gold_text_in_stem,Where is the Dharmavaram sarees Andhra famous within Andhra_Pradesh?,Dharmavaram
sk00158,Andhra_Pradesh,Costume,Association,gold_text_in_stem,Which of the given regions is home to the Venkatagiri sarees Andhra?,Venkatagiri
sk00163,Andhra_Pradesh,Costume,Association,gold_text_in_stem,Where is the Uppada pattu sarees Andhra famous within Andhra_Pradesh?,Uppada
sk00169,Andhra_Pradesh,Costume,Association,gold_text_in_stem,Uppada pattu sarees Andhra is associated to which region of Andhra_Pradesh?,Uppada
sk00170,Andhra_Pradesh,Costume,Association,gold_text_in_stem,Which of the given regions is home to the Uppada pattu sarees Andhra?,Uppada
sk00175,Andhra_Pradesh,Costume,Association,gold_text_in_stem,Which of the given regions is home to the Dharmavaram sarees Andhra?,Dharmavaram
sk00177,Andhra_Pradesh,Costume,Association,gold_text_in_stem,Dharmavaram sarees Andhra is associated to which region of Andhra_Pradesh?,Dharmavaram
sk00180,Andhra_Pradesh,Cuisine,Association,gold_text_in_stem,Where is the Perugu Annam famous within Andhra_Pradesh?,Andhra_Pradesh
sk00182,Andhra_Pradesh,Cuisine,Association,gold_text_in_stem,Where is the Peddha Panduga famous within Andhra_Pradesh?,Andhra_Pradesh
sk00183,Andhra_Pradesh,Cuisine,Association,gold_text_in_stem,Where is the Pulihora famous within Andhra_Pradesh?,Andhra_Pradesh
sk00187,Andhra_Pradesh,Cuisine,Association,gold_text_in_stem,Where is the Kodi Pulao famous within Andhra_Pradesh?,Andhra_Pradesh
sk00191,Andhra_Pradesh,Cuisine,Association,gold_text_in_stem,Where is the Punugulu famous within Andhra_Pradesh?,Andhra_Pradesh
sk00195,Andhra_Pradesh,Cuisine,Association,gold_text_in_stem,Kodi Pulao is associated to which region of Andhra_Pradesh?,Andhra_Pradesh
sk00200,Andhra_Pradesh,Cuisine,Association,gold_text_in_stem,Pulihora is associated to which region of Andhra_Pradesh?,Andhra_Pradesh
sk00201,Andhra_Pradesh,Cuisine,Association,gold_text_in_stem,Peddha Panduga is associated to which region of Andhra_Pradesh?,Andhra_Pradesh
sk00206,Andhra_Pradesh,Cuisine,Association,gold_text_in_stem,Pulusu and Gongura Chutney is associated to which region of Andhra_Pradesh?,Andhra_Pradesh
sk00209,Andhra_Pradesh,Cuisine,Association,gold_text_in_stem,Perugu Annam is associated to which region of Andhra_Pradesh?,Andhra_Pradesh
sk00215,Andhra_Pradesh,Cuisine,Association,gold_text_in_stem,Where is the Pulusu and Gongura Chutney famous within Andhra_Pradesh?,Andhra_Pradesh
sk00221,Andhra_Pradesh,Cuisine,Association,gold_text_in_stem,Punugulu is associated to which region of Andhra_Pradesh?,Andhra_Pradesh
sk00226,Andhra_Pradesh,Cultural_Common_Sense,Association,gold_text_in_stem,The native language spoken predominantly in this state is Telugu.,Telugu
sk00272,Andhra_Pradesh,Dance_and_Music,Association,gold_text_in_stem,Veedhi Natakam Andhra is associated to which region of Andhra_Pradesh?,Andhra_Pradesh
sk00278,Andhra_Pradesh,Dance_and_Music,Association,gold_state_name,Which of the given regions is home to the Bhamakalapam Andhra?,Andhra_Pradesh
sk00283,Andhra_Pradesh,Dance_and_Music,Association,gold_text_in_stem,Where is the Veedhi Natakam Andhra famous within Andhra_Pradesh?,Andhra_Pradesh
sk00288,Andhra_Pradesh,Dance_and_Music,Association,gold_text_in_stem,Bhamakalapam Andhra is associated to which region of Andhra_Pradesh?,Andhra_Pradesh
sk00289,Andhra_Pradesh,Dance_and_Music,Association,gold_text_in_stem,Where is the Bhamakalapam Andhra famous within Andhra_Pradesh?,Andhra_Pradesh
sk00295,Andhra_Pradesh,Dance_and_Music,Association,gold_state_name,Which of the given regions is home to the Veedhi Natakam Andhra?,Andhra_Pradesh
sk00297,Andhra_Pradesh,Festivals,Association,gold_text_in_stem,Atla Tadde festival is associated to which region of Andhra_Pradesh?,Andhra_Pradesh
sk00298,Andhra_Pradesh,Festivals,Association,gold_text_in_stem,Where is the Lepakshi Dance Festival and Kuchipudi Andhra famous within Andhra_Pradesh?,Lepakshi
sk00300,Andhra_Pradesh,Festivals,Association,gold_text_in_stem,Where is the Bhogi famous within Andhra_Pradesh?,Andhra_Pradesh
sk00301,Andhra_Pradesh,Festivals,Association,gold_text_in_stem,Which of the given regions is home to the Lepakshi Dance Festival and Kuchipudi Andhra?,Lepakshi
sk00304,Andhra_Pradesh,Festivals,Association,gold_text_in_stem,Bhogi is associated to which region of Andhra_Pradesh?,Andhra_Pradesh
sk00305,Andhra_Pradesh,Festivals,Association,gold_text_in_stem,Where is the Atla Tadde festival famous within Andhra_Pradesh?,Andhra_Pradesh
sk00306,Andhra_Pradesh,Festivals,Association,gold_text_in_stem,Lepakshi Dance Festival and Kuchipudi Andhra is associated to which region of Andhra_Pradesh?,Lepakshi
sk00328,Andhra_Pradesh,History,Association,gold_text_in_stem,Where is the Dravidian gopurams  famous within Andhra_Pradesh?,Andhra_Pradesh
sk00329,Andhra_Pradesh,History,Association,gold_text_in_stem,Where is the Lepakshi temple frescos Andhra famous within Andhra_Pradesh?,Lepakshi
sk00331,Andhra_Pradesh,History,Association,gold_text_in_stem,Which of the given regions is home to the Lepakshi temple frescos Andhra?,Lepakshi
sk00339,Andhra_Pradesh,History,Association,gold_text_in_stem,Lepakshi temple frescos Andhra is associated to which region of Andhra_Pradesh?,Lepakshi
sk00352,Andhra_Pradesh,History,Association,gold_text_in_stem,Dravidian gopurams  is associated to which region of Andhra_Pradesh?,Andhra_Pradesh
sk00354,Andhra_Pradesh,Language,Association,gold_text_in_stem,Where is the Telugu inscriptions famous within Andhra_Pradesh?,Andhra_Pradesh
sk00367,Andhra_Pradesh,Language,Association,gold_text_in_stem,Telugu inscriptions is associated to which region of Andhra_Pradesh?,Andhra_Pradesh
sk00371,Andhra_Pradesh,Rituals_and_Ceremonies,Association,gold_text_in_stem,Rice rituals is associated to which region of Andhra_Pradesh?,Andhra_Pradesh
sk00374,Andhra_Pradesh,Rituals_and_Ceremonies,Association,gold_text_in_stem,Where is the Tholu Bommalata  famous within Andhra_Pradesh?,Andhra_Pradesh
sk00376,Andhra_Pradesh,Rituals_and_Ceremonies,Association,gold_text_in_stem,Where is the Rice rituals famous within Andhra_Pradesh?,Andhra_Pradesh
sk00381,Andhra_Pradesh,Rituals_and_Ceremonies,Association,gold_text_in_stem,Tholu Bommalata  is associated to which region of Andhra_Pradesh?,Andhra_Pradesh
sk00387,Andhra_Pradesh,Sports,Association,gold_text_in_stem,Etikoppaka lacquer toys Andhra is associated to which region of Andhra_Pradesh?,Etikoppaka
sk00388,Andhra_Pradesh,Sports,Association,gold_text_in_stem,Which of the given regions is home to the Etikoppaka lacquer toys Andhra?,Etikoppaka
sk00389,Andhra_Pradesh,Sports,Association,gold_text_in_stem,Where is the Etikoppaka lacquer toys Andhra famous within Andhra_Pradesh?,Etikoppaka
sk00456,Arunachal_Pradesh,Costume,Association,gold_text_in_stem,Gale skirts is associated to which region of Arunachal_Pradesh?,Arunachal_Pradesh
sk00474,Arunachal_Pradesh,Costume,Association,gold_text_in_stem,Where is the Mukyop masks famous within Arunachal_Pradesh?,Arunachal_Pradesh
sk00480,Arunachal_Pradesh,Costume,Association,gold_text_in_stem,Mukyop masks is associated to which region of Arunachal_Pradesh?,Arunachal_Pradesh
sk00490,Arunachal_Pradesh,Costume,Association,gold_text_in_stem,Where is the Gale skirts famous within Arunachal_Pradesh?,Arunachal_Pradesh
sk00504,Arunachal_Pradesh,Cuisine,Association,gold_state_name,"A unique aspect of Arunachal Pradeshs food culture is the significant role of festivals linked to agricultural produce, particularly rice.",Arunachal Pradesh
sk00505,Arunachal_Pradesh,Cuisine,Association,gold_text_in_stem,Where is the Apong rice beer famous within Arunachal_Pradesh?,Arunachal_Pradesh
sk00515,Arunachal_Pradesh,Cuisine,Association,gold_text_in_stem,Apong rice beer is associated to which region of Arunachal_Pradesh?,Arunachal_Pradesh
sk00530,Arunachal_Pradesh,Cultural_Common_Sense,Association,gold_text_in_stem,Donyi-Polo bamboo altars is associated to which region of Arunachal_Pradesh?,Arunachal_Pradesh
sk00545,Arunachal_Pradesh,Cultural_Common_Sense,Association,gold_text_in_stem,Where is the Donyi-Polo bamboo altars famous within Arunachal_Pradesh?,Arunachal_Pradesh
sk00676,Arunachal_Pradesh,History,Association,gold_text_in_stem,"This state hosts the Arunachal Pradesh Statehood Day, celebrated on February 20th every year.",Arunachal Pradesh
sk00750,Arunachal_Pradesh,Tourism,Association,gold_text_in_stem,Ziro Valley is associated to which region of Arunachal_Pradesh?,Arunachal_Pradesh
sk00766,Arunachal_Pradesh,Tourism,Association,gold_text_in_stem,Where is the Ziro Valley famous within Arunachal_Pradesh?,Arunachal_Pradesh
sk00785,Arunachal_Pradesh,Tourism,Association,gold_text_in_stem,Where is the Siang River famous within Arunachal_Pradesh?,Arunachal_Pradesh
sk00794,Arunachal_Pradesh,Tourism,Association,gold_text_in_stem,Siang River is associated to which region of Arunachal_Pradesh?,Arunachal_Pradesh
sk00795,Assam,Art,Association,gold_text_in_stem,Jaapi is associated to which region of Assam?,Assam
sk00801,Assam,Art,Association,gold_text_in_stem,Where is the Jaapi famous within Assam?,Assam
sk00841,Assam,Cuisine,Association,gold_text_in_stem,Where is the Tamul-Paan famous within Assam?,Assam
sk00846,Assam,Cuisine,Association,gold_text_in_stem,Tamul-Paan is associated to which region of Assam?,Assam
sk00850,Assam,Cuisine,Association,gold_text_in_stem,Pitha is associated to which region of Assam?,Assam
sk00857,Assam,Cuisine,Association,gold_text_in_stem,Where is the Pitha famous within Assam?,Assam
sk00877,Assam,Festivals,Association,gold_text_in_stem,Where is the Bihu famous within Assam?,Assam
sk00881,Assam,Festivals,Association,gold_text_in_stem,Bihu is associated to which region of Assam?,Assam
sk00890,Assam,History,Association,gold_text_in_stem,Which of the given regions is home to the Battle of Saraighat?,Saraighat
sk00891,Assam,History,Association,gold_text_in_stem,Where is the Kamarupa Kingdom famous within Assam?,Assam
sk00893,Assam,History,Association,gold_text_in_stem,Where is the Battle of Saraighat famous within Assam?,Saraighat
sk00904,Assam,History,Association,gold_text_in_stem,Kamarupa Kingdom is associated to which region of Assam?,Assam
sk00907,Assam,History,Association,gold_text_in_stem,Battle of Saraighat is associated to which region of Assam?,Saraighat
sk00911,Assam,Religion,Association,gold_text_in_stem,Where is the Kamakhya Temple famous within Assam?,Assam
sk00913,Assam,Religion,Association,gold_text_in_stem,Kamakhya Temple is associated to which region of Assam?,Assam
sk00957,Bihar,Cuisine,Association,gold_text_in_stem,Litti Chokha is associated to which region of Bihar?,Bihar
sk00958,Bihar,Cuisine,Association,gold_text_in_stem,Where is the Litti Chokha famous within Bihar?,Bihar
sk00966,Bihar,Festivals,Association,gold_text_in_stem,Where is the Sonepur Cattle Fair famous within Bihar?,Sonepur
sk00967,Bihar,Festivals,Association,gold_text_in_stem,Sonepur Cattle Fair is associated to which region of Bihar?,Sonepur
sk00968,Bihar,Festivals,Association,gold_text_in_stem,Which of the given regions is home to the Sonepur Cattle Fair?,Sonepur
sk00979,Bihar,Tourism,Association,gold_text_in_stem,Which of the given regions is home to the Darbhanga Fort?,Darbhanga
sk00980,Bihar,Tourism,Association,gold_text_in_stem,Takht Sri Patna Sahib is associated to which region of Bihar?,Patna
sk00987,Bihar,Tourism,Association,gold_text_in_stem,Where is the Darbhanga Fort famous within Bihar?,Darbhanga
sk00995,Bihar,Tourism,Association,gold_text_in_stem,Where is the Takht Sri Patna Sahib famous within Bihar?,Patna
sk01000,Bihar,Tourism,Association,gold_text_in_stem,Which of the given regions is home to the Takht Sri Patna Sahib?,Patna
sk01001,Bihar,Tourism,Association,gold_text_in_stem,Darbhanga Fort is associated to which region of Bihar?,Darbhanga
sk01005,Chandigarh,Art,Association,gold_text_in_stem,Tagore Theatre is associated to which region of Chandigarh?,Chandigarh
sk01006,Chandigarh,Art,Association,gold_text_in_stem,Where is the Tagore Theatre famous within Chandigarh?,Chandigarh
sk01008,Chandigarh,Cuisine,Association,gold_text_in_stem,Punjabi Thali is associated to which region of Chandigarh?,Chandigarh
sk01009,Chandigarh,Cuisine,Association,gold_text_in_stem,Punjab cuisine Butter Chicken is associated to which region of Chandigarh?,Chandigarh
sk01011,Chandigarh,Cuisine,Association,gold_text_in_stem,Where is the Punjab cuisine Butter Chicken famous within Chandigarh?,Chandigarh
sk01012,Chandigarh,Cuisine,Association,gold_text_in_stem,Where is the Amritsari Kulcha famous within Chandigarh?,Chandigarh
sk01014,Chandigarh,Cuisine,Association,gold_text_in_stem,Paneer Tikka is associated to which region of Chandigarh?,Chandigarh
sk01016,Chandigarh,Cuisine,Association,gold_text_in_stem,Punjabi Chicken Dishes is associated to which region of Chandigarh?,Chandigarh
sk01017,Chandigarh,Cuisine,Association,gold_text_in_stem,Where is the Punjabi Tandoori Chicken famous within Chandigarh?,Chandigarh
sk01018,Chandigarh,Cuisine,Association,gold_text_in_stem,Where is the Paneer Tikka famous within Chandigarh?,Chandigarh
sk01019,Chandigarh,Cuisine,Association,gold_text_in_stem,Missi Roti is associated to which region of Chandigarh?,Chandigarh
sk01022,Chandigarh,Cuisine,Association,gold_text_in_stem,Which of the given regions is home to the Chandigarh Dhabas?,Chandigarh
sk01023,Chandigarh,Cuisine,Association,gold_text_in_stem,Punjabi Tandoori Chicken is associated to which region of Chandigarh?,Chandigarh
sk01025,Chandigarh,Cuisine,Association,gold_text_in_stem,Where is the Chandigarh Dhabas famous within Chandigarh?,Chandigarh
sk01026,Chandigarh,Cuisine,Association,gold_text_in_stem,Chandigarh Dhabas is associated to which region of Chandigarh?,Chandigarh
sk01027,Chandigarh,Cuisine,Association,gold_text_in_stem,Amritsari Kulcha is associated to which region of Chandigarh?,Chandigarh
sk01028,Chandigarh,Cuisine,Association,gold_text_in_stem,Where is the Punjabi Thali famous within Chandigarh?,Chandigarh
sk01029,Chandigarh,Cuisine,Association,gold_text_in_stem,Where is the Punjabi Chicken Dishes famous within Chandigarh?,Chandigarh
sk01030,Chandigarh,Cuisine,Association,gold_text_in_stem,Where is the Missi Roti famous within Chandigarh?,Chandigarh
sk01032,Chandigarh,Festivals,Association,gold_text_in_stem,Which of the given regions is home to the Rose Festival (Chandigarh)?,Chandigarh
sk01033,Chandigarh,Festivals,Association,gold_text_in_stem,Rose Festival (Chandigarh) is associated to which region of Chandigarh?,Chandigarh
sk01034,Chandigarh,Festivals,Association,gold_text_in_stem,Where is the Rose Festival (Chandigarh) famous within Chandigarh?,Chandigarh
sk01035,Chandigarh,History,Association,gold_text_in_stem,"Where is the Capitol Complex, Chandigarh famous within Chandigarh?",Chandigarh
sk01036,Chandigarh,History,Association,gold_text_in_stem,"Where is the Gandhi Bhawan, Chandigarh famous within Chandigarh?",Chandigarh
sk01037,Chandigarh,History,Association,gold_text_in_stem,"Secretariat Building, Chandigarh is associated to which region of Chandigarh?",Chandigarh
sk01039,Chandigarh,History,Association,gold_text_in_stem,Rock Garden is associated to which region of Chandigarh?,Chandigarh
sk01042,Chandigarh,History,Association,gold_text_in_stem,"Where is the Secretariat Building, Chandigarh famous within Chandigarh?",Chandigarh
sk01043,Chandigarh,History,Association,gold_text_in_stem,"Gandhi Bhawan, Chandigarh is associated to which region of Chandigarh?",Chandigarh
sk01044,Chandigarh,History,Association,gold_text_in_stem,Where is the Rock Garden famous within Chandigarh?,Chandigarh
sk01045,Chandigarh,History,Association,gold_text_in_stem,"Capitol Complex, Chandigarh is associated to which region of Chandigarh?",Chandigarh
sk01046,Chandigarh,History,Association,gold_text_in_stem,"Which of the given regions is home to the Gandhi Bhawan, Chandigarh?",Chandigarh
sk01047,Chandigarh,History,Association,gold_text_in_stem,"Which of the given regions is home to the Secretariat Building, Chandigarh?",Chandigarh
sk01048,Chandigarh,History,Association,gold_text_in_stem,"Which of the given regions is home to the Capitol Complex, Chandigarh?",Chandigarh
sk01050,Chandigarh,Personalities,Association,gold_text_in_stem,Peepal Baba is associated to which region of Chandigarh?,Chandigarh
sk01052,Chandigarh,Personalities,Association,gold_text_in_stem,Where is the Peepal Baba famous within Chandigarh?,Chandigarh
sk01054,Chandigarh,Religion,Association,gold_text_in_stem,Where is the Chandi Mandir famous within Chandigarh?,Chandigarh
sk01055,Chandigarh,Religion,Association,gold_text_in_stem,Chandi Mandir is associated to which region of Chandigarh?,Chandigarh
sk01056,Chandigarh,Tourism,Association,gold_text_in_stem,"Which of the given regions is home to the Government Museum and Art Gallery, Chandigarh?",Chandigarh
sk01057,Chandigarh,Tourism,Association,gold_text_in_stem,Where is the Sukhna Wildlife Sanctuary famous within Chandigarh?,Chandigarh
sk01058,Chandigarh,Tourism,Association,gold_text_in_stem,"Where is the Terraced Garden, Chandigarh famous within Chandigarh?",Chandigarh
sk01059,Chandigarh,Tourism,Association,gold_text_in_stem,"Which of the given regions is home to the Parrot Bird Sanctuary, Chandigarh?",Chandigarh
sk01060,Chandigarh,Tourism,Association,gold_text_in_stem,"Which of the given regions is home to the Leisure Valley, Chandigarh?",Chandigarh
sk01062,Chandigarh,Tourism,Association,gold_text_in_stem,"Government Museum and Art Gallery, Chandigarh is associated to which region of Chandigarh?",Chandigarh
sk01063,Chandigarh,Tourism,Association,gold_text_in_stem,"Leisure Valley, Chandigarh is associated to which region of Chandigarh?",Chandigarh
sk01065,Chandigarh,Tourism,Association,gold_text_in_stem,"Where is the Leisure Valley, Chandigarh famous within Chandigarh?",Chandigarh
sk01066,Chandigarh,Tourism,Association,gold_text_in_stem,Heritage Trees of Chandigarh is associated to which region of Chandigarh?,Chandigarh
sk01067,Chandigarh,Tourism,Association,gold_text_in_stem,Zakir Husain Rose Garden is associated to which region of Chandigarh?,Chandigarh
sk01068,Chandigarh,Tourism,Association,gold_text_in_stem,Where is the Heritage Trees of Chandigarh famous within Chandigarh?,Chandigarh
sk01069,Chandigarh,Tourism,Association,gold_text_in_stem,Open Hand Monument is associated to which region of Chandigarh?,Chandigarh
sk01071,Chandigarh,Tourism,Association,gold_text_in_stem,Where is the Garden of Silence famous within Chandigarh?,Chandigarh
sk01072,Chandigarh,Tourism,Association,gold_text_in_stem,"Parrot Bird Sanctuary, Chandigarh is associated to which region of Chandigarh?",Chandigarh
sk01074,Chandigarh,Tourism,Association,gold_text_in_stem,Which of the given regions is home to the Heritage Trees of Chandigarh?,Chandigarh
sk01075,Chandigarh,Tourism,Association,gold_text_in_stem,"Which of the given regions is home to the Japanese Garden, Chandigarh?",Chandigarh
sk01076,Chandigarh,Tourism,Association,gold_text_in_stem,Where is the Zakir Husain Rose Garden famous within Chandigarh?,Chandigarh
sk01077,Chandigarh,Tourism,Association,gold_text_in_stem,Sukhna Lake is associated to which region of Chandigarh?,Chandigarh
sk01080,Chandigarh,Tourism,Association,gold_text_in_stem,"Where is the Japanese Garden, Chandigarh famous within Chandigarh?",Chandigarh
sk01082,Chandigarh,Tourism,Association,gold_text_in_stem,"Where is the Parrot Bird Sanctuary, Chandigarh famous within Chandigarh?",Chandigarh
sk01083,Chandigarh,Tourism,Association,gold_text_in_stem,"Which of the given regions is home to the Terraced Garden, Chandigarh?",Chandigarh
sk01085,Chandigarh,Tourism,Association,gold_text_in_stem,"Terraced Garden, Chandigarh is associated to which region of Chandigarh?",Chandigarh
sk01086,Chandigarh,Tourism,Association,gold_text_in_stem,Where is the Sukhna Lake famous within Chandigarh?,Chandigarh
sk01087,Chandigarh,Tourism,Association,gold_text_in_stem,"Where is the Government Museum and Art Gallery, Chandigarh famous within Chandigarh?",Chandigarh
sk01088,Chandigarh,Tourism,Association,gold_text_in_stem,Garden of Silence is associated to which region of Chandigarh?,Chandigarh
sk01089,Chandigarh,Tourism,Association,gold_text_in_stem,Where is the Open Hand Monument famous within Chandigarh?,Chandigarh
sk01090,Chandigarh,Tourism,Association,gold_text_in_stem,Sukhna Wildlife Sanctuary is associated to which region of Chandigarh?,Chandigarh
sk01091,Chandigarh,Tourism,Association,gold_text_in_stem,"Japanese Garden, Chandigarh is associated to which region of Chandigarh?",Chandigarh
sk01155,Chhattisgarh,Costume,Association,gold_text_in_stem,Kachchora Saree is associated to which region of Chhattisgarh?,Chhattisgarh
sk01170,Chhattisgarh,Costume,Association,gold_text_in_stem,Where is the Kachchora Saree famous within Chhattisgarh?,Chhattisgarh
sk01215,Chhattisgarh,Dance_and_Music,Association,gold_text_in_stem,Sua (folk music) is associated to which region of Chhattisgarh?,Chhattisgarh
sk01225,Chhattisgarh,Dance_and_Music,Association,gold_text_in_stem,Where is the Loria famous within Chhattisgarh?,Chhattisgarh
sk01227,Chhattisgarh,Dance_and_Music,Association,gold_text_in_stem,Loria is associated to which region of Chhattisgarh?,Chhattisgarh
sk01230,Chhattisgarh,Dance_and_Music,Association,gold_text_in_stem,Where is the Suwa Dance (Parrot Dance) famous within Chhattisgarh?,Chhattisgarh
sk01235,Chhattisgarh,Dance_and_Music,Association,gold_text_in_stem,Suwa Dance (Parrot Dance) is associated to which region of Chhattisgarh?,Chhattisgarh
sk01242,Chhattisgarh,Dance_and_Music,Association,gold_text_in_stem,Where is the Sua (folk music) famous within Chhattisgarh?,Chhattisgarh
sk01258,Chhattisgarh,Festivals,Association,gold_text_in_stem,Where is the Cherchera famous within Chhattisgarh?,Chhattisgarh
sk01280,Chhattisgarh,Festivals,Association,gold_text_in_stem,Cherchera is associated to which region of Chhattisgarh?,Chhattisgarh
sk01290,Chhattisgarh,History,Association,gold_text_in_stem,"This state hosts the ""Chhattisgarh Rajyotsava,"" an event celebrating the state's formation and cultural heritage.",Chhattisgarh
sk01306,Chhattisgarh,Language,Association,gold_state_name,"This state has a rich tapestry of dialects, with locals often intermixing Chhattisgarhi with other regional languages like Nagpuri.",Chhattisgarh
sk01307,Chhattisgarh,Language,Association,gold_state_name,The customs during wedding ceremonies highlight the significance of Chhattisgarhi language and traditions.,Chhattisgarh
sk01312,Chhattisgarh,Language,Association,gold_state_name,Street performances and local theatre often utilize a dialect that heavily features Chhattisgarhi cultural narratives.,Chhattisgarh
sk01317,Chhattisgarh,Language,Association,gold_state_name,"In this state, local artisans commonly use the Chhattisgarhi dialect to describe their crafts and folklore to visitors.",Chhattisgarh
sk01319,Chhattisgarh,Language,Association,gold_state_name,The use of Chhattisgarhi is prevalent among the villagers especially during cultural festivals and gatherings.,Chhattisgarh
sk01351,Dadra_and_Nagar_Haveli_and_Daman_and_Diu,Art,Association,gold_text_in_stem,Warli painting is associated to which region of Dadra_and_Nagar_Haveli_and_Daman_and_Diu?,Dadra_and_Nagar_Haveli_and_Daman_and_Diu
sk01352,Dadra_and_Nagar_Haveli_and_Daman_and_Diu,Art,Association,gold_text_in_stem,Where is the Warli painting famous within Dadra_and_Nagar_Haveli_and_Daman_and_Diu?,Dadra_and_Nagar_Haveli_and_Daman_and_Diu
sk01372,Dadra_and_Nagar_Haveli_and_Daman_and_Diu,History,Association,gold_text_in_stem,Which of the given regions is home to the Diu Head ?,Diu
sk01373,Dadra_and_Nagar_Haveli_and_Daman_and_Diu,History,Association,gold_text_in_stem,Where is the Fortress of Panikotha famous within Dadra_and_Nagar_Haveli_and_Daman_and_Diu?,Diu
sk01375,Dadra_and_Nagar_Haveli_and_Daman_and_Diu,History,Association,gold_state_name,Which of the given regions is home to the Dadra and Nagar Haveli (map)?,Dadra_and_Nagar_Haveli_and_Daman_and_Diu
sk01377,Dadra_and_Nagar_Haveli_and_Daman_and_Diu,History,Association,gold_text_in_stem,Fortress of Panikotha is associated to which region of Dadra_and_Nagar_Haveli_and_Daman_and_Diu?,Diu
sk01378,Dadra_and_Nagar_Haveli_and_Daman_and_Diu,History,Association,gold_text_in_stem,Where is the Dadra and Nagar Haveli (map) famous within Dadra_and_Nagar_Haveli_and_Daman_and_Diu?,Dadra_and_Nagar_Haveli_and_Daman_and_Diu
sk01380,Dadra_and_Nagar_Haveli_and_Daman_and_Diu,History,Association,gold_text_in_stem,Diu Head  is associated to which region of Dadra_and_Nagar_Haveli_and_Daman_and_Diu?,Diu
sk01381,Dadra_and_Nagar_Haveli_and_Daman_and_Diu,History,Association,gold_text_in_stem,Dadra and Nagar Haveli (map) is associated to which region of Dadra_and_Nagar_Haveli_and_Daman_and_Diu?,Dadra_and_Nagar_Haveli_and_Daman_and_Diu
sk01383,Dadra_and_Nagar_Haveli_and_Daman_and_Diu,History,Association,gold_text_in_stem,The Naida Caves is associated to which region of Dadra_and_Nagar_Haveli_and_Daman_and_Diu?,Diu
sk01386,Dadra_and_Nagar_Haveli_and_Daman_and_Diu,History,Association,gold_text_in_stem,Where is the Diu Head  famous within Dadra_and_Nagar_Haveli_and_Daman_and_Diu?,Diu
sk01388,Dadra_and_Nagar_Haveli_and_Daman_and_Diu,History,Association,gold_text_in_stem,Where is the The Naida Caves famous within Dadra_and_Nagar_Haveli_and_Daman_and_Diu?,Diu
sk01395,Dadra_and_Nagar_Haveli_and_Daman_and_Diu,Tourism,Association,gold_text_in_stem,St. Paul's Church is associated to which region of Dadra_and_Nagar_Haveli_and_Daman_and_Diu?,Diu
sk01396,Dadra_and_Nagar_Haveli_and_Daman_and_Diu,Tourism,Association,gold_text_in_stem,Where is the Bom Jesus Church famous within Dadra_and_Nagar_Haveli_and_Daman_and_Diu?,Daman
sk01397,Dadra_and_Nagar_Haveli_and_Daman_and_Diu,Tourism,Association,gold_text_in_stem,Which of the given regions is home to the Nani Daman Fort?,Daman
sk01398,Dadra_and_Nagar_Haveli_and_Daman_and_Diu,Tourism,Association,gold_text_in_stem,Sea Shell Museum is associated to which region of Dadra_and_Nagar_Haveli_and_Daman_and_Diu?,Diu
sk01400,Dadra_and_Nagar_Haveli_and_Daman_and_Diu,Tourism,Association,gold_text_in_stem,Which of the given regions is home to the Silvassa?,Silvassa
sk01403,Dadra_and_Nagar_Haveli_and_Daman_and_Diu,Tourism,Association,gold_text_in_stem,Where is the Vanganga Lake famous within Dadra_and_Nagar_Haveli_and_Daman_and_Diu?,Dadra_and_Nagar_Haveli_and_Daman_and_Diu
sk01404,Dadra_and_Nagar_Haveli_and_Daman_and_Diu,Tourism,Association,gold_text_in_stem,Bom Jesus Church is associated to which region of Dadra_and_Nagar_Haveli_and_Daman_and_Diu?,Daman
sk01405,Dadra_and_Nagar_Haveli_and_Daman_and_Diu,Tourism,Association,gold_text_in_stem,Where is the Zampa Gateway famous within Dadra_and_Nagar_Haveli_and_Daman_and_Diu?,Diu
sk01406,Dadra_and_Nagar_Haveli_and_Daman_and_Diu,Tourism,Association,gold_text_in_stem,Where is the INS Khukri Memorial famous within Dadra_and_Nagar_Haveli_and_Daman_and_Diu?,Diu
sk01407,Dadra_and_Nagar_Haveli_and_Daman_and_Diu,Tourism,Association,gold_text_in_stem,Where is the St. Paul's Church famous within Dadra_and_Nagar_Haveli_and_Daman_and_Diu?,Diu
sk01408,Dadra_and_Nagar_Haveli_and_Daman_and_Diu,Tourism,Association,gold_text_in_stem,Where is the Ghoghla Beach famous within Dadra_and_Nagar_Haveli_and_Daman_and_Diu?,Diu
sk01409,Dadra_and_Nagar_Haveli_and_Daman_and_Diu,Tourism,Association,gold_text_in_stem,Devka Beach is associated to which region of Dadra_and_Nagar_Haveli_and_Daman_and_Diu?,Diu
sk01416,Dadra_and_Nagar_Haveli_and_Daman_and_Diu,Tourism,Association,gold_text_in_stem,Where is the Tapovan Tourist Complex famous within Dadra_and_Nagar_Haveli_and_Daman_and_Diu?,Dadra_and_Nagar_Haveli_and_Daman_and_Diu
sk01419,Dadra_and_Nagar_Haveli_and_Daman_and_Diu,Tourism,Association,gold_text_in_stem,Ghoghla Beach is associated to which region of Dadra_and_Nagar_Haveli_and_Daman_and_Diu?,Diu
sk01420,Dadra_and_Nagar_Haveli_and_Daman_and_Diu,Tourism,Association,gold_text_in_stem,INS Khukri Memorial is associated to which region of Dadra_and_Nagar_Haveli_and_Daman_and_Diu?,Diu
sk01423,Dadra_and_Nagar_Haveli_and_Daman_and_Diu,Tourism,Association,gold_text_in_stem,Which of the given regions is home to the Diu Fort?,Diu
sk01425,Dadra_and_Nagar_Haveli_and_Daman_and_Diu,Tourism,Association,gold_text_in_stem,Jampore Beach is associated to which region of Dadra_and_Nagar_Haveli_and_Daman_and_Diu?,Daman
sk01426,Dadra_and_Nagar_Haveli_and_Daman_and_Diu,Tourism,Association,gold_text_in_stem,Jallandhar Beach is associated to which region of Dadra_and_Nagar_Haveli_and_Daman_and_Diu?,Diu
sk01427,Dadra_and_Nagar_Haveli_and_Daman_and_Diu,Tourism,Association,gold_text_in_stem,Diu Museum is associated to which region of Dadra_and_Nagar_Haveli_and_Daman_and_Diu?,Diu
sk01428,Dadra_and_Nagar_Haveli_and_Daman_and_Diu,Tourism,Association,gold_text_in_stem,Which of the given regions is home to the Diu Museum?,Diu
sk01431,Dadra_and_Nagar_Haveli_and_Daman_and_Diu,Tourism,Association,gold_text_in_stem,Diu Fort is associated to which region of Dadra_and_Nagar_Haveli_and_Daman_and_Diu?,Diu
sk01433,Dadra_and_Nagar_Haveli_and_Daman_and_Diu,Tourism,Association,gold_text_in_stem,Where is the Nagoa Beach famous within Dadra_and_Nagar_Haveli_and_Daman_and_Diu?,Diu
sk01434,Dadra_and_Nagar_Haveli_and_Daman_and_Diu,Tourism,Association,gold_text_in_stem,Where is the  Sea Shell Museum famous within Dadra_and_Nagar_Haveli_and_Daman_and_Diu?,Diu
sk01436,Dadra_and_Nagar_Haveli_and_Daman_and_Diu,Tourism,Association,gold_text_in_stem,Where is the Diu Fort famous within Dadra_and_Nagar_Haveli_and_Daman_and_Diu?,Diu
sk01437,Dadra_and_Nagar_Haveli_and_Daman_and_Diu,Tourism,Association,gold_text_in_stem,Nani Daman Fort is associated to which region of Dadra_and_Nagar_Haveli_and_Daman_and_Diu?,Daman
sk01440,Dadra_and_Nagar_Haveli_and_Daman_and_Diu,Tourism,Association,gold_text_in_stem,Zampa Gateway is associated to which region of Dadra_and_Nagar_Haveli_and_Daman_and_Diu?,Diu
sk01441,Dadra_and_Nagar_Haveli_and_Daman_and_Diu,Tourism,Association,gold_text_in_stem,Tapovan Tourist Complex is associated to which region of Dadra_and_Nagar_Haveli_and_Daman_and_Diu?,Dadra_and_Nagar_Haveli_and_Daman_and_Diu
sk01443,Dadra_and_Nagar_Haveli_and_Daman_and_Diu,Tourism,Association,gold_text_in_stem,Silvassa is associated to which region of Dadra_and_Nagar_Haveli_and_Daman_and_Diu?,Silvassa
sk01448,Dadra_and_Nagar_Haveli_and_Daman_and_Diu,Tourism,Association,gold_text_in_stem,Where is the Diu Museum famous within Dadra_and_Nagar_Haveli_and_Daman_and_Diu?,Diu
sk01449,Dadra_and_Nagar_Haveli_and_Daman_and_Diu,Tourism,Association,gold_text_in_stem,Where is the Devka Beach famous within Dadra_and_Nagar_Haveli_and_Daman_and_Diu?,Diu
sk01454,Dadra_and_Nagar_Haveli_and_Daman_and_Diu,Tourism,Association,gold_text_in_stem,Nagoa Beach is associated to which region of Dadra_and_Nagar_Haveli_and_Daman_and_Diu?,Diu
sk01455,Dadra_and_Nagar_Haveli_and_Daman_and_Diu,Tourism,Association,gold_text_in_stem,Vanganga Lake is associated to which region of Dadra_and_Nagar_Haveli_and_Daman_and_Diu?,Dadra_and_Nagar_Haveli_and_Daman_and_Diu
sk01456,Dadra_and_Nagar_Haveli_and_Daman_and_Diu,Tourism,Association,gold_text_in_stem,Where is the Silvassa famous within Dadra_and_Nagar_Haveli_and_Daman_and_Diu?,Silvassa
sk01465,Dadra_and_Nagar_Haveli_and_Daman_and_Diu,Tourism,Association,gold_text_in_stem,Where is the Nani Daman Fort famous within Dadra_and_Nagar_Haveli_and_Daman_and_Diu?,Daman
sk01468,Dadra_and_Nagar_Haveli_and_Daman_and_Diu,Tourism,Association,gold_text_in_stem,Where is the Jallandhar Beach famous within Dadra_and_Nagar_Haveli_and_Daman_and_Diu?,Diu
sk01472,Dadra_and_Nagar_Haveli_and_Daman_and_Diu,Tourism,Association,gold_text_in_stem,Where is the Jampore Beach famous within Dadra_and_Nagar_Haveli_and_Daman_and_Diu?,Daman
sk01477,Delhi,Art,Association,gold_text_in_stem,Where is the Sahitya Kala Parishad famous within Delhi?,Delhi
sk01481,Delhi,Art,Association,gold_text_in_stem,Where is the Mughal Miniature Paintings famous within Delhi?,Delhi
sk01489,Delhi,Art,Association,gold_text_in_stem,Sahitya Kala Parishad is associated to which region of Delhi?,Delhi
sk01491,Delhi,Art,Association,gold_text_in_stem,Mughal Miniature Paintings is associated to which region of Delhi?,Delhi
sk01496,Delhi,Cuisine,Association,gold_text_in_stem,Where is the Mughlai cuisine famous within Delhi?,Delhi
sk01502,Delhi,Cuisine,Association,gold_text_in_stem,unique style of tandoori chicken is associated to which region of Delhi?,Delhi
sk01503,Delhi,Cuisine,Association,gold_text_in_stem,Where is the unique style of tandoori chicken famous within Delhi?,Delhi
sk01505,Delhi,Cuisine,Association,gold_text_in_stem,Mughlai cuisine is associated to which region of Delhi?,Delhi
sk01506,Delhi,Cultural_Common_Sense,Association,gold_text_in_stem,Eicher Motors is associated to which region of Delhi?,Delhi
sk01508,Delhi,Cultural_Common_Sense,Association,gold_text_in_stem,Where is the  Eicher Motors famous within Delhi?,Delhi
sk01511,Delhi,Cultural_Common_Sense,Association,gold_text_in_stem,Where is the Piano Man Jazz Club famous within Delhi?,Delhi
sk01512,Delhi,Cultural_Common_Sense,Association,gold_text_in_stem,Where is the National Institute of Fashion Technology famous within Delhi?,Delhi
sk01519,Delhi,Cultural_Common_Sense,Association,gold_text_in_stem,Where is the Amrit Udyan famous within Delhi?,Delhi
sk01520,Delhi,Cultural_Common_Sense,Association,gold_text_in_stem,Majnu ka Tilla is associated to which region of Delhi?,Delhi
sk01522,Delhi,Cultural_Common_Sense,Association,gold_text_in_stem,Amrit Udyan is associated to which region of Delhi?,Delhi
sk01524,Delhi,Cultural_Common_Sense,Association,gold_text_in_stem,Where is the Majnu ka Tilla famous within Delhi?,Delhi
sk01525,Delhi,Cultural_Common_Sense,Association,gold_text_in_stem,Where is the Chandni Chowk famous within Delhi?,Chandni Chowk
sk01527,Delhi,Cultural_Common_Sense,Association,gold_text_in_stem,Chandni Chowk is associated to which region of Delhi?,Chandni Chowk
sk01528,Delhi,Cultural_Common_Sense,Association,gold_text_in_stem,Tomb of Safdar Jang is associated to which region of Delhi?,Delhi
sk01529,Delhi,Cultural_Common_Sense,Association,gold_text_in_stem,Where is the Tomb of Safdar Jang famous within Delhi?,Delhi
sk01530,Delhi,Cultural_Common_Sense,Association,gold_text_in_stem,Piano Man Jazz Club is associated to which region of Delhi?,Delhi
sk01532,Delhi,Cultural_Common_Sense,Association,gold_text_in_stem,Which of the given regions is home to the Chandni Chowk?,Chandni Chowk
sk01533,Delhi,Cultural_Common_Sense,Association,gold_text_in_stem,National Institute of Fashion Technology is associated to which region of Delhi?,Delhi
sk01536,Delhi,Festivals,Association,gold_text_in_stem,Where is the Ananya Festival famous within Delhi?,Delhi
sk01537,Delhi,Festivals,Association,gold_text_in_stem,International Mango Festival is associated to which region of Delhi?,Delhi
sk01538,Delhi,Festivals,Association,gold_text_in_stem,Qutub Festival is associated to which region of Delhi?,Delhi
sk01540,Delhi,Festivals,Association,gold_text_in_stem,Independence Day is associated to which region of Delhi?,Delhi
sk01542,Delhi,Festivals,Association,gold_text_in_stem,Where is the International Mango Festival famous within Delhi?,Delhi
sk01553,Delhi,Festivals,Association,gold_text_in_stem,Ananya Festival is associated to which region of Delhi?,Delhi
sk01554,Delhi,Festivals,Association,gold_text_in_stem,Where is the Independence Day famous within Delhi?,Delhi
sk01556,Delhi,Festivals,Association,gold_text_in_stem,Garden Tourism Festival is associated to which region of Delhi?,Delhi
sk01557,Delhi,Festivals,Association,gold_text_in_stem,Where is the Qutub Festival famous within Delhi?,Delhi
sk01559,Delhi,Festivals,Association,gold_text_in_stem,Annual Republic Day is associated to which region of Delhi?,Delhi
sk01560,Delhi,Festivals,Association,gold_text_in_stem,Where is the Garden Tourism Festival famous within Delhi?,Delhi
sk01561,Delhi,Festivals,Association,gold_text_in_stem,Where is the Annual Republic Day famous within Delhi?,Delhi
sk01564,Delhi,History,Association,gold_text_in_stem,Where is the Architect Ratish Nanda famous within Delhi?,Delhi
sk01565,Delhi,History,Association,gold_text_in_stem,Mughal architectural is associated to which region of Delhi?,Delhi
sk01567,Delhi,History,Association,gold_text_in_stem,Rashtrapati Bhavan is associated to which region of Delhi?,Delhi
sk01569,Delhi,History,Association,gold_text_in_stem,Where is the Mughal architectural famous within Delhi?,Delhi
sk01572,Delhi,History,Association,gold_text_in_stem,Where is the Indian Rebellion famous within Delhi?,Delhi
sk01576,Delhi,History,Association,gold_text_in_stem,Where is the King of Bollywood famous within Delhi?,Delhi
sk01577,Delhi,History,Association,gold_text_in_stem,Agrasen ki Baoli is associated to which region of Delhi?,Delhi
sk01578,Delhi,History,Association,gold_text_in_stem,Where is the Rashtrapati Bhavan famous within Delhi?,Delhi
sk01581,Delhi,History,Association,gold_text_in_stem,Where is the Dilli chalo famous within Delhi?,Delhi
sk01588,Delhi,History,Association,gold_text_in_stem,King of Bollywood is associated to which region of Delhi?,Delhi
sk01596,Delhi,History,Association,gold_text_in_stem,Indian Rebellion is associated to which region of Delhi?,Delhi
sk01599,Delhi,History,Association,gold_text_in_stem,Where is the Agrasen ki Baoli famous within Delhi?,Delhi
sk01600,Delhi,History,Association,gold_text_in_stem,Dilli chalo is associated to which region of Delhi?,Delhi
sk01601,Delhi,History,Association,gold_text_in_stem,Architect Ratish Nanda is associated to which region of Delhi?,Delhi
sk01602,Delhi,Language,Association,gold_text_in_stem,Central Hindi Directorate is associated to which region of Delhi?,Delhi
sk01603,Delhi,Language,Association,gold_text_in_stem,Delhi Urdu Academy is associated to which region of Delhi?,Delhi
sk01605,Delhi,Language,Association,gold_text_in_stem,Where is the Central Hindi Directorate famous within Delhi?,Delhi
sk01606,Delhi,Language,Association,gold_text_in_stem,Where is the Delhi Urdu Academy famous within Delhi?,Delhi
sk01607,Delhi,Language,Association,gold_text_in_stem,Which of the given regions is home to the Delhi Urdu Academy?,Delhi
sk01608,Delhi,Nightlife,Association,gold_text_in_stem,Hauz Khas Village is associated to which region of Delhi?,Delhi
sk01609,Delhi,Nightlife,Association,gold_text_in_stem,Where is the Hauz Khas Village famous within Delhi?,Delhi
sk01610,Delhi,Nightlife,Association,gold_text_in_stem,Where is the Kitty Su famous within Delhi?,Delhi
sk01611,Delhi,Nightlife,Association,gold_text_in_stem,Kitty Su is associated to which region of Delhi?,Delhi
sk01614,Delhi,Personalities,Association,gold_text_in_stem,Where is the Huma Qureshi famous within Delhi?,Delhi
sk01615,Delhi,Personalities,Association,gold_text_in_stem,Actress Bhoomika Chawla is associated to which region of Delhi?,Delhi
sk01616,Delhi,Personalities,Association,gold_text_in_stem,Where is the Madhubala famous within Delhi?,Delhi
sk01617,Delhi,Personalities,Association,gold_text_in_stem,Kunal Bahl is associated to which region of Delhi?,Delhi
sk01619,Delhi,Personalities,Association,gold_text_in_stem,Where is the Analjit Singh famous within Delhi?,Delhi
sk01621,Delhi,Personalities,Association,gold_text_in_stem,Minissha Lamba is associated to which region of Delhi?,Delhi
sk01622,Delhi,Personalities,Association,gold_text_in_stem,Where is the Jawed Habib famous within Delhi?,Delhi
sk01623,Delhi,Personalities,Association,gold_text_in_stem,Kiran Desai is associated to which region of Delhi?,Delhi
sk01631,Delhi,Personalities,Association,gold_text_in_stem,Where is the Akshay Kumar famous within Delhi?,Delhi
sk01634,Delhi,Personalities,Association,gold_text_in_stem,Where is the Minissha Lamba famous within Delhi?,Delhi
sk01639,Delhi,Personalities,Association,gold_text_in_stem,Pulkit Samrat is associated to which region of Delhi?,Delhi
sk01641,Delhi,Personalities,Association,gold_text_in_stem,Virat Kohli is associated to which region of Delhi?,Delhi
sk01643,Delhi,Personalities,Association,gold_text_in_stem,Where is the Actress Bhoomika Chawla famous within Delhi?,Delhi
sk01644,Delhi,Personalities,Association,gold_text_in_stem,Chetan Bhagat is associated to which region of Delhi?,Delhi
sk01645,Delhi,Personalities,Association,gold_text_in_stem,Where is the Chetan Bhagat famous within Delhi?,Delhi
sk01647,Delhi,Personalities,Association,gold_text_in_stem,Where is the Ajay Devgn famous within Delhi?,Delhi
sk01648,Delhi,Personalities,Association,gold_text_in_stem,Analjit Singh is associated to which region of Delhi?,Delhi
sk01649,Delhi,Personalities,Association,gold_text_in_stem,Where is the Virat Kohli famous within Delhi?,Delhi
sk01650,Delhi,Personalities,Association,gold_text_in_stem,Where is the Pulkit Samrat famous within Delhi?,Delhi
sk01652,Delhi,Personalities,Association,gold_text_in_stem,Where is the Kunal Bahl famous within Delhi?,Delhi
sk01654,Delhi,Personalities,Association,gold_text_in_stem,Jawed Habib is associated to which region of Delhi?,Delhi
sk01655,Delhi,Personalities,Association,gold_text_in_stem,Akshay Kumar is associated to which region of Delhi?,Delhi
sk01658,Delhi,Personalities,Association,gold_text_in_stem,Huma Qureshi is associated to which region of Delhi?,Delhi
sk01662,Delhi,Personalities,Association,gold_text_in_stem,Ajay Devgn is associated to which region of Delhi?,Delhi
sk01663,Delhi,Personalities,Association,gold_text_in_stem,Madhubala is associated to which region of Delhi?,Delhi
sk01664,Delhi,Personalities,Association,gold_text_in_stem,Where is the Kiran Desai famous within Delhi?,Delhi
sk01671,Delhi,Sports,Association,gold_text_in_stem,Where is the Commonwealth Games famous within Delhi?,Delhi
sk01672,Delhi,Sports,Association,gold_text_in_stem,Commonwealth Games is associated to which region of Delhi?,Delhi
sk01674,Delhi,Tourism,Association,gold_text_in_stem,Lodi Gardens is associated to which region of Delhi?,Delhi
sk01675,Delhi,Tourism,Association,gold_text_in_stem,Raj Ghat is associated to which region of Delhi?,Delhi
sk01676,Delhi,Tourism,Association,gold_text_in_stem,Shalimar  Garden is associated to which region of Delhi?,Delhi
sk01677,Delhi,Tourism,Association,gold_text_in_stem,Where is the Kiran Nadar Museum of Art famous within Delhi?,Delhi
sk01681,Delhi,Tourism,Association,gold_text_in_stem,Where is the Arun Jaitley Stadium famous within Delhi?,Delhi
sk01682,Delhi,Tourism,Association,gold_text_in_stem,National Museum is associated to which region of Delhi?,Delhi
sk01685,Delhi,Tourism,Association,gold_text_in_stem,Arun Jaitley Stadium is associated to which region of Delhi?,Delhi
sk01687,Delhi,Tourism,Association,gold_text_in_stem,Gandhi Smriti is associated to which region of Delhi?,Delhi
sk01688,Delhi,Tourism,Association,gold_text_in_stem,Where is the Akshardham Temple famous within Delhi?,Delhi
sk01689,Delhi,Tourism,Association,gold_text_in_stem,Where is the Laxminarayan Temple famous within Delhi?,Delhi
sk01690,Delhi,Tourism,Association,gold_text_in_stem,Where is the Qila Rai famous within Delhi?,Delhi
sk01694,Delhi,Tourism,Association,gold_text_in_stem,Qila Rai is associated to which region of Delhi?,Delhi
sk01696,Delhi,Tourism,Association,gold_text_in_stem,Where is the National Museum famous within Delhi?,Delhi
sk01697,Delhi,Tourism,Association,gold_text_in_stem,Where is the National Science Centre famous within Delhi?,Delhi
sk01698,Delhi,Tourism,Association,gold_text_in_stem,National Gandhi Museum is associated to which region of Delhi?,Delhi
sk01703,Delhi,Tourism,Association,gold_text_in_stem,Where is the Lodi Gardens famous within Delhi?,Delhi
sk01706,Delhi,Tourism,Association,gold_text_in_stem,National Science Centre is associated to which region of Delhi?,Delhi
sk01708,Delhi,Tourism,Association,gold_text_in_stem,Where is the Purana Qila  famous within Delhi?,Delhi
sk01710,Delhi,Tourism,Association,gold_text_in_stem,Where is the National Zoological Park famous within Delhi?,Delhi
sk01713,Delhi,Tourism,Association,gold_text_in_stem,Where is the Jawaharlal Nehru Stadium famous within Delhi?,Delhi
sk01714,Delhi,Tourism,Association,gold_text_in_stem,Laxminarayan Temple is associated to which region of Delhi?,Delhi
sk01716,Delhi,Tourism,Association,gold_text_in_stem,Jantar Mantar is associated to which region of Delhi?,Delhi
sk01718,Delhi,Tourism,Association,gold_text_in_stem,India Gate is associated to which region of Delhi?,Delhi
sk01719,Delhi,Tourism,Association,gold_text_in_stem,Nizamuddin Dargah is associated to which region of Delhi?,Delhi
sk01723,Delhi,Tourism,Association,gold_text_in_stem,Where is the National Handicrafts and Handlooms Museum famous within Delhi?,Delhi
sk01725,Delhi,Tourism,Association,gold_text_in_stem,Where is the Nizamuddin Dargah famous within Delhi?,Delhi
sk01728,Delhi,Tourism,Association,gold_text_in_stem,National Handicrafts and Handlooms Museum is associated to which region of Delhi?,Delhi
sk01729,Delhi,Tourism,Association,gold_text_in_stem,Purana Qila is associated to which region of Delhi?,Delhi
sk01730,Delhi,Tourism,Association,gold_text_in_stem,Red Fort is associated to which region of Delhi?,Delhi
sk01733,Delhi,Tourism,Association,gold_text_in_stem,Where is the Jantar Mantar  famous within Delhi?,Delhi
sk01735,Delhi,Tourism,Association,gold_text_in_stem,Akshardham Temple is associated to which region of Delhi?,Delhi
sk01736,Delhi,Tourism,Association,gold_text_in_stem,Where is the Shalimar  Garden famous within Delhi?,Delhi
sk01737,Delhi,Tourism,Association,gold_text_in_stem,Where is the Jantar Mantar famous within Delhi?,Delhi
sk01739,Delhi,Tourism,Association,gold_text_in_stem,Where is the Red Fort famous within Delhi?,Delhi
sk01740,Delhi,Tourism,Association,gold_text_in_stem,Purana Qila  is associated to which region of Delhi?,Delhi
sk01742,Delhi,Tourism,Association,gold_text_in_stem,Where is the Teen Murti Bhavan famous within Delhi?,Delhi
sk01744,Delhi,Tourism,Association,gold_text_in_stem,Where is the Raj Ghat famous within Delhi?,Delhi
sk01750,Delhi,Tourism,Association,gold_text_in_stem,Jawaharlal Nehru Stadium is associated to which region of Delhi?,Delhi
sk01752,Delhi,Tourism,Association,gold_text_in_stem,Where is the National Gandhi Museum famous within Delhi?,Delhi
sk01754,Delhi,Tourism,Association,gold_text_in_stem,Where is the Gandhi Smriti famous within Delhi?,Delhi
sk01755,Delhi,Tourism,Association,gold_text_in_stem,Jantar Mantar  is associated to which region of Delhi?,Delhi
sk01756,Delhi,Tourism,Association,gold_text_in_stem,Where is the Purana Qila famous within Delhi?,Delhi
sk01757,Delhi,Tourism,Association,gold_text_in_stem,Kiran Nadar Museum of Art is associated to which region of Delhi?,Delhi
sk01758,Delhi,Tourism,Association,gold_text_in_stem,National Zoological Park is associated to which region of Delhi?,Delhi
sk01761,Delhi,Tourism,Association,gold_text_in_stem,Where is the India Gate famous within Delhi?,Delhi
sk01762,Delhi,Tourism,Association,gold_text_in_stem,Teen Murti Bhavan is associated to which region of Delhi?,Delhi
sk01768,Goa,Cuisine,Association,gold_text_in_stem,Where is the Bebinca famous within Goa?,Goa
sk01770,Goa,Cuisine,Association,gold_text_in_stem,Goan Patoli is associated to which region of Goa?,Goa
sk01773,Goa,Cuisine,Association,gold_state_name,Which of the given regions is home to the Goan Patoli?,Goa
sk01774,Goa,Cuisine,Association,gold_text_in_stem,Bebinca is associated to which region of Goa?,Goa
sk01775,Goa,Cuisine,Association,gold_text_in_stem,Where is the Goan Patoli famous within Goa?,Goa
sk01784,Goa,Dance_and_Music,Association,gold_text_in_stem,Dhalo is associated to which region of Goa?,Goa
sk01785,Goa,Dance_and_Music,Association,gold_text_in_stem,Where is the Dhalo famous within Goa?,Goa
sk01805,Goa,History,Association,gold_text_in_stem,Where is the Portuguese rule famous within Goa?,Goa
sk01812,Goa,History,Association,gold_text_in_stem,Portuguese rule is associated to which region of Goa?,Goa
sk01821,Goa,Tourism,Association,gold_text_in_stem,Where is the Rome of the East famous within Goa?,Goa
sk01824,Goa,Tourism,Association,gold_text_in_stem,Rome of the East is associated to which region of Goa?,Goa
sk01827,Gujarat,Art,Association,gold_text_in_stem,Which of the given regions is home to the Kutch embroidery?,Kutch
sk01830,Gujarat,Art,Association,gold_text_in_stem,Kutch embroidery is associated to which region of Gujarat?,Kutch
sk01835,Gujarat,Art,Association,gold_text_in_stem,Where is the Kutch embroidery famous within Gujarat?,Kutch
sk01840,Gujarat,Costume,Association,gold_text_in_stem,Chaniya Choli and Kediyu Dhoti is associated to which region of Gujarat?,Gujarat
sk01841,Gujarat,Costume,Association,gold_text_in_stem,Where is the Chaniya Choli and Kediyu Dhoti famous within Gujarat?,Gujarat
sk01853,Gujarat,Dance_and_Music,Association,gold_text_in_stem,Where is the Tippani famous within Gujarat?,Gujarat
sk01854,Gujarat,Dance_and_Music,Association,gold_text_in_stem,Where is the Dandiya Raas famous within Gujarat?,Gujarat
sk01856,Gujarat,Dance_and_Music,Association,gold_text_in_stem,Dandiya Raas is associated to which region of Gujarat?,Gujarat
sk01858,Gujarat,Dance_and_Music,Association,gold_text_in_stem,Tippani is associated to which region of Gujarat?,Gujarat
sk01896,Gujarat,Language,Association,gold_text_in_stem,Charotari Dialect is associated to which region of Gujarat?,Gujarat
sk01897,Gujarat,Language,Association,gold_text_in_stem,Gujarati Language is associated to which region of Gujarat?,Gujarat
sk01899,Gujarat,Language,Association,gold_text_in_stem,Where is the Kachi Koli in gujarat famous within Gujarat?,Gujarat
sk01900,Gujarat,Language,Association,gold_text_in_stem,Where is the Saurashtra language famous within Gujarat?,Gujarat
sk01902,Gujarat,Language,Association,gold_text_in_stem,Where is the Wadiyara Koli language famous within Gujarat?,Gujarat
sk01903,Gujarat,Language,Association,gold_text_in_stem,Where is the Gujarati Language famous within Gujarat?,Gujarat
sk01904,Gujarat,Language,Association,gold_text_in_stem,Kathiawari dialect is associated to which region of Gujarat?,Gujarat
sk01906,Gujarat,Language,Association,gold_text_in_stem,Which of the given regions is home to the Kachi Koli in gujarat?,Gujarat
sk01907,Gujarat,Language,Association,gold_text_in_stem,Where is the Charotari Dialect famous within Gujarat?,Gujarat
sk01910,Gujarat,Language,Association,gold_text_in_stem,Saurashtra language is associated to which region of Gujarat?,Gujarat
sk01911,Gujarat,Language,Association,gold_state_name,Which of the given regions is home to the Gujarati Language?,Gujarat
sk01913,Gujarat,Language,Association,gold_text_in_stem,Wadiyara Koli language is associated to which region of Gujarat?,Gujarat
sk01914,Gujarat,Language,Association,gold_text_in_stem,Where is the Kathiawari dialect famous within Gujarat?,Gujarat
sk01915,Gujarat,Language,Association,gold_text_in_stem,Kachi Koli in gujarat is associated to which region of Gujarat?,Gujarat
sk01917,Gujarat,Rituals_and_Ceremonies,Association,gold_text_in_stem,Palli Ritual is associated to which region of Gujarat?,Gujarat
sk01918,Gujarat,Rituals_and_Ceremonies,Association,gold_text_in_stem,Patotsav Ritual is associated to which region of Gujarat?,Gujarat
sk01919,Gujarat,Rituals_and_Ceremonies,Association,gold_text_in_stem,Where is the Palli Ritual famous within Gujarat?,Gujarat
sk01920,Gujarat,Rituals_and_Ceremonies,Association,gold_text_in_stem,Where is the Patotsav Ritual famous within Gujarat?,Gujarat
sk01923,Gujarat,Tourism,Association,gold_text_in_stem,Where is the Panchmahal Gujarati famous within Gujarat?,Panchmahal
sk01924,Gujarat,Tourism,Association,gold_text_in_stem,Which of the given regions is home to the Panchmahal Gujarati?,Panchmahal
sk01925,Gujarat,Tourism,Association,gold_text_in_stem,Panchmahal Gujarati is associated to which region of Gujarat?,Panchmahal
sk01926,Haryana,Art,Association,gold_text_in_stem,Traditional architecture in haryana is associated to which region of Haryana?,Haryana
sk01927,Haryana,Art,Association,gold_text_in_stem,Which of the given regions is home to the Traditional architecture in haryana?,Haryana
sk01928,Haryana,Art,Association,gold_text_in_stem,Where is the Traditional architecture in haryana famous within Haryana?,Haryana
sk01929,Haryana,Costume,Association,gold_text_in_stem,Where is the Traditional women's clothing in haryana famous within Haryana?,Haryana
sk01930,Haryana,Costume,Association,gold_text_in_stem,Traditional women's clothing in haryana is associated to which region of Haryana?,Haryana
sk01931,Haryana,Costume,Association,gold_text_in_stem,Which of the given regions is home to the Traditional women's clothing in haryana?,Haryana
sk01933,Haryana,Cuisine,Association,gold_text_in_stem,Which of the given regions is home to the Rice in haryana?,Haryana
sk01934,Haryana,Cuisine,Association,gold_text_in_stem,Where is the Bathua Raita famous within Haryana?,Haryana
sk01935,Haryana,Cuisine,Association,gold_text_in_stem,Simple vegetarian cuisine is associated to which region of Haryana?,Haryana
sk01937,Haryana,Cuisine,Association,gold_text_in_stem,Rice in haryana is associated to which region of Haryana?,Haryana
sk01939,Haryana,Cuisine,Association,gold_text_in_stem,Where is the Fresh vegetables famous within Haryana?,Haryana
sk01941,Haryana,Cuisine,Association,gold_text_in_stem,Where is the Cuisine of Haryana famous within Haryana?,Haryana
sk01942,Haryana,Cuisine,Association,gold_text_in_stem,Where is the Malpuas famous within Haryana?,Haryana
sk01944,Haryana,Cuisine,Association,gold_text_in_stem,Which of the given regions is home to the Cuisine of Haryana?,Haryana
sk01946,Haryana,Cuisine,Association,gold_text_in_stem,Where is the Rice in haryana famous within Haryana?,Haryana
sk01947,Haryana,Cuisine,Association,gold_text_in_stem,Bathua Raita is associated to which region of Haryana?,Haryana
sk01948,Haryana,Cuisine,Association,gold_text_in_stem,Where is the Simple vegetarian cuisine famous within Haryana?,Haryana
sk01952,Haryana,Cuisine,Association,gold_text_in_stem,Where is the Land of Rotis famous within Haryana?,Haryana
sk01956,Haryana,Cuisine,Association,gold_state_name,Which of the given regions is home to the Haryanvi Dal?,Haryana
sk01957,Haryana,Cuisine,Association,gold_text_in_stem,Malpuas is associated to which region of Haryana?,Haryana
sk01958,Haryana,Cuisine,Association,gold_text_in_stem,Mixed Dal is associated to which region of Haryana?,Haryana
sk01959,Haryana,Cuisine,Association,gold_text_in_stem,Land of Rotis is associated to which region of Haryana?,Haryana
sk01960,Haryana,Cuisine,Association,gold_text_in_stem,Haryanvi Dal is associated to which region of Haryana?,Haryana
sk01961,Haryana,Cuisine,Association,gold_text_in_stem,Where is the Mixed Dal famous within Haryana?,Haryana
sk01963,Haryana,Cuisine,Association,gold_text_in_stem,Where is the Haryanvi Dal famous within Haryana?,Haryana
sk01964,Haryana,Cuisine,Association,gold_text_in_stem,Fresh vegetables is associated to which region of Haryana?,Haryana
sk01965,Haryana,Cuisine,Association,gold_text_in_stem,Cuisine of Haryana is associated to which region of Haryana?,Haryana
sk01968,Haryana,Cultural_Common_Sense,Association,gold_text_in_stem,Vedic Mantras in haryana is associated to which region of Haryana?,Haryana
sk01969,Haryana,Cultural_Common_Sense,Association,gold_text_in_stem,Which of the given regions is home to the Geographical location of haryana?,Haryana
sk01970,Haryana,Cultural_Common_Sense,Association,gold_text_in_stem,Which of the given regions is home to the Haryana Agriculture?,Haryana
sk01971,Haryana,Cultural_Common_Sense,Association,gold_text_in_stem,Gotra rules is associated to which region of Haryana?,Haryana
sk01972,Haryana,Cultural_Common_Sense,Association,gold_text_in_stem,Where is the Haryana Agriculture famous within Haryana?,Haryana
sk01975,Haryana,Cultural_Common_Sense,Association,gold_text_in_stem,Strategic location is associated to which region of Haryana?,Haryana
sk01976,Haryana,Cultural_Common_Sense,Association,gold_text_in_stem,Geographical location of haryana is associated to which region of Haryana?,Haryana
sk01977,Haryana,Cultural_Common_Sense,Association,gold_text_in_stem,Where is the Strategic location famous within Haryana?,Haryana
sk01980,Haryana,Cultural_Common_Sense,Association,gold_text_in_stem,Where is the Elder respect famous within Haryana?,Haryana
sk01981,Haryana,Cultural_Common_Sense,Association,gold_text_in_stem,Where is the Geographical location of haryana famous within Haryana?,Haryana
sk01982,Haryana,Cultural_Common_Sense,Association,gold_text_in_stem,Elder respect is associated to which region of Haryana?,Haryana
sk01983,Haryana,Cultural_Common_Sense,Association,gold_text_in_stem,Where is the Vedic Mantras in haryana famous within Haryana?,Haryana
sk01984,Haryana,Cultural_Common_Sense,Association,gold_text_in_stem,Where is the Gotra rules famous within Haryana?,Haryana
sk01985,Haryana,Cultural_Common_Sense,Association,gold_text_in_stem,Hari (etymology) is associated to which region of Haryana?,Haryana
sk01986,Haryana,Cultural_Common_Sense,Association,gold_text_in_stem,Haryana Agriculture is associated to which region of Haryana?,Haryana
sk01987,Haryana,Cultural_Common_Sense,Association,gold_text_in_stem,Which of the given regions is home to the Vedic Mantras in haryana?,Haryana
sk01988,Haryana,Cultural_Common_Sense,Association,gold_text_in_stem,Where is the Hari (etymology) famous within Haryana?,Haryana
sk01989,Haryana,Dance_and_Music,Association,gold_text_in_stem,Loor dance is associated to which region of Haryana?,Haryana
sk01991,Haryana,Dance_and_Music,Association,gold_text_in_stem,Where is the Loor dance famous within Haryana?,Haryana
sk01992,Haryana,Dance_and_Music,Association,gold_text_in_stem,Which of the given regions is home to the Traditional instruments in haryana?,Haryana
sk01994,Haryana,Dance_and_Music,Association,gold_text_in_stem,Haryanvi folk music is associated to which region of Haryana?,Haryana
sk01996,Haryana,Dance_and_Music,Association,gold_text_in_stem,Where is the Gugga dance famous within Haryana?,Haryana
sk01997,Haryana,Dance_and_Music,Association,gold_text_in_stem,Gugga dance is associated to which region of Haryana?,Haryana
sk01999,Haryana,Dance_and_Music,Association,gold_text_in_stem,Saang Dance is associated to which region of Haryana?,Haryana
sk02000,Haryana,Dance_and_Music,Association,gold_state_name,Which of the given regions is home to the Haryanvi folk music?,Haryana
sk02001,Haryana,Dance_and_Music,Association,gold_text_in_stem,Where is the Folk dance themes famous within Haryana?,Haryana
sk02004,Haryana,Dance_and_Music,Association,gold_text_in_stem,Where is the Traditional instruments in haryana famous within Haryana?,Haryana
sk02005,Haryana,Dance_and_Music,Association,gold_text_in_stem,Traditional instruments in haryana is associated to which region of Haryana?,Haryana
sk02006,Haryana,Dance_and_Music,Association,gold_text_in_stem,Khoria Dance is associated to which region of Haryana?,Haryana
sk02007,Haryana,Dance_and_Music,Association,gold_text_in_stem,Where is the Haryanvi folk music famous within Haryana?,Haryana
sk02008,Haryana,Dance_and_Music,Association,gold_text_in_stem,Where is the Saang Dance famous within Haryana?,Haryana
sk02009,Haryana,Dance_and_Music,Association,gold_text_in_stem,Where is the Khoria Dance famous within Haryana?,Haryana
sk02012,Haryana,Dance_and_Music,Association,gold_text_in_stem,Folk dance themes is associated to which region of Haryana?,Haryana
sk02016,Haryana,Festivals,Association,gold_text_in_stem,Festival celebrations in haryana is associated to which region of Haryana?,Haryana
sk02017,Haryana,Festivals,Association,gold_text_in_stem,Which of the given regions is home to the Haryana Day?,Haryana
sk02018,Haryana,Festivals,Association,gold_text_in_stem,Where is the Festival celebrations in haryana famous within Haryana?,Haryana
sk02019,Haryana,Festivals,Association,gold_text_in_stem,Haryana Day is associated to which region of Haryana?,Haryana
sk02020,Haryana,Festivals,Association,gold_text_in_stem,Which of the given regions is home to the Festival celebrations in haryana?,Haryana
sk02021,Haryana,Festivals,Association,gold_text_in_stem,Where is the Haryana Day famous within Haryana?,Haryana
sk02052,Haryana,Language,Association,gold_state_name,Which of the given regions is home to the Haryanvi?,Haryana
sk02054,Haryana,Language,Association,gold_text_in_stem,Language style is associated to which region of Haryana?,Haryana
sk02055,Haryana,Language,Association,gold_text_in_stem,Where is the Haryanvi famous within Haryana?,Haryana
sk02057,Haryana,Language,Association,gold_text_in_stem,Where is the Language style famous within Haryana?,Haryana
sk02059,Haryana,Language,Association,gold_text_in_stem,Language perception (map) is associated to which region of Haryana?,Haryana
sk02061,Haryana,Language,Association,gold_text_in_stem,Haryanvi is associated to which region of Haryana?,Haryana
sk02062,Haryana,Language,Association,gold_text_in_stem,Where is the Language perception (map) famous within Haryana?,Haryana
sk02074,Haryana,Religion,Association,gold_text_in_stem,Pilgrims is associated to which region of Haryana?,Haryana
sk02076,Haryana,Religion,Association,gold_text_in_stem,Sirsa is associated to which region of Haryana?,Haryana
sk02079,Haryana,Religion,Association,gold_text_in_stem,Where is the Sirsa famous within Haryana?,Haryana
sk02081,Haryana,Religion,Association,gold_text_in_stem,Where is the Pilgrims famous within Haryana?,Haryana
sk02082,Haryana,Rituals_and_Ceremonies,Association,gold_text_in_stem,Where is the Marriage customs famous within Haryana?,Haryana
sk02083,Haryana,Rituals_and_Ceremonies,Association,gold_text_in_stem,Marriage customs is associated to which region of Haryana?,Haryana
sk02084,Haryana,Rituals_and_Ceremonies,Association,gold_text_in_stem,Where is the Wedding traditions in haryanvi famous within Haryana?,Haryana
sk02085,Haryana,Rituals_and_Ceremonies,Association,gold_state_name,Which of the given regions is home to the Wedding traditions in haryanvi?,Haryana
sk02087,Haryana,Rituals_and_Ceremonies,Association,gold_text_in_stem,Wedding traditions in haryanvi is associated to which region of Haryana?,Haryana
sk02088,Haryana,Tourism,Association,gold_text_in_stem,Where is the Scenic beauty famous within Haryana?,Haryana
sk02089,Haryana,Tourism,Association,gold_text_in_stem,Scenic beauty is associated to which region of Haryana?,Haryana
sk02093,Haryana,Tourism,Association,gold_text_in_stem,Panchkula is associated to which region of Haryana?,Haryana
sk02094,Haryana,Tourism,Association,gold_text_in_stem,Where is the Ambala City famous within Haryana?,Haryana
sk02095,Haryana,Tourism,Association,gold_text_in_stem,Palwal is associated to which region of Haryana?,Haryana
sk02096,Haryana,Tourism,Association,gold_text_in_stem,Where is the Panchkula famous within Haryana?,Haryana
sk02112,Haryana,Tourism,Association,gold_text_in_stem,Ambala City is associated to which region of Haryana?,Haryana
sk02114,Haryana,Tourism,Association,gold_text_in_stem,Where is the Palwal famous within Haryana?,Haryana
sk02115,Himachal_Pradesh,Art,Association,gold_text_in_stem,Which of the given regions is home to the Chamba Rumal embroidery?,Chamba
sk02118,Himachal_Pradesh,Art,Association,gold_text_in_stem,Where is the Chamba Rumal embroidery famous within Himachal_Pradesh?,Chamba
sk02122,Himachal_Pradesh,Art,Association,gold_text_in_stem,Chamba Rumal embroidery is associated to which region of Himachal_Pradesh?,Chamba
sk02124,Himachal_Pradesh,Costume,Association,gold_text_in_stem,Where is the Himachali  Cap famous within Himachal_Pradesh?,Himachal_Pradesh
sk02125,Himachal_Pradesh,Costume,Association,gold_text_in_stem,Chamba Chappal is associated to which region of Himachal_Pradesh?,Chamba
sk02130,Himachal_Pradesh,Costume,Association,gold_text_in_stem,Himachali  Cap is associated to which region of Himachal_Pradesh?,Himachal_Pradesh
sk02135,Himachal_Pradesh,Costume,Association,gold_text_in_stem,Which of the given regions is home to the Chamba Chappal?,Chamba
sk02137,Himachal_Pradesh,Costume,Association,gold_text_in_stem,Where is the Chamba Chappal famous within Himachal_Pradesh?,Chamba
sk02141,Himachal_Pradesh,Costume,Association,gold_state_name,Which of the given regions is home to the Himachali  Cap?,Himachal_Pradesh
sk02150,Himachal_Pradesh,Cuisine,Association,gold_text_in_stem,Khatta and Lingri dishes is associated to which region of Himachal_Pradesh?,Himachal_Pradesh
sk02162,Himachal_Pradesh,Cuisine,Association,gold_text_in_stem,Where is the Khatta and Lingri dishes famous within Himachal_Pradesh?,Himachal_Pradesh
sk02179,Himachal_Pradesh,Cultural_Common_Sense,Association,gold_text_in_stem,Gurs (oracle) is associated to which region of Himachal_Pradesh?,Himachal_Pradesh
sk02182,Himachal_Pradesh,Cultural_Common_Sense,Association,gold_text_in_stem,Where is the Gurs (oracle) famous within Himachal_Pradesh?,Himachal_Pradesh
sk02208,Himachal_Pradesh,Festivals,Association,gold_text_in_stem,Temple fairs (Jatras) is associated to which region of Himachal_Pradesh?,Himachal_Pradesh
sk02209,Himachal_Pradesh,Festivals,Association,gold_text_in_stem,Kullu Dussehra festival is associated to which region of Himachal_Pradesh?,Himachal_Pradesh
sk02216,Himachal_Pradesh,Festivals,Association,gold_text_in_stem,Where is the Temple fairs (Jatras) famous within Himachal_Pradesh?,Himachal_Pradesh
sk02225,Himachal_Pradesh,Festivals,Association,gold_text_in_stem,Where is the Kullu Dussehra festival famous within Himachal_Pradesh?,Himachal_Pradesh
sk02227,Himachal_Pradesh,Festivals,Association,gold_text_in_stem,La Darcha is associated to which region of Himachal_Pradesh?,Himachal_Pradesh
sk02233,Himachal_Pradesh,Festivals,Association,gold_text_in_stem,Where is the La Darcha famous within Himachal_Pradesh?,Himachal_Pradesh
sk02237,Himachal_Pradesh,History,Association,gold_text_in_stem,Princely hill states  is associated to which region of Himachal_Pradesh?,Himachal_Pradesh
sk02255,Himachal_Pradesh,History,Association,gold_text_in_stem,Where is the Princely hill states  famous within Himachal_Pradesh?,Himachal_Pradesh
sk02277,Himachal_Pradesh,Rituals_and_Ceremonies,Association,gold_text_in_stem,Where is the Bara Khana ceremony famous within Himachal_Pradesh?,Himachal_Pradesh
sk02280,Himachal_Pradesh,Rituals_and_Ceremonies,Association,gold_text_in_stem,Bara Khana ceremony is associated to which region of Himachal_Pradesh?,Himachal_Pradesh
sk02296,Jammu_kashmir,Art,Association,gold_text_in_stem,Walnut wood carving is associated to which region of Jammu_kashmir?,Jammu_kashmir
sk02308,Jammu_kashmir,Art,Association,gold_text_in_stem,Where is the Walnut wood carving famous within Jammu_kashmir?,Jammu_kashmir
sk02327,Jammu_kashmir,Costume,Association,gold_text_in_stem,Where is the Pashmina shawl famous within Jammu_kashmir?,Jammu_kashmir
sk02329,Jammu_kashmir,Costume,Association,gold_text_in_stem,Pashmina shawl is associated to which region of Jammu_kashmir?,Jammu_kashmir
sk02338,Jammu_kashmir,Cuisine,Association,gold_text_in_stem,Where is the Wazwan famous within Jammu_kashmir?,Jammu_kashmir
sk02342,Jammu_kashmir,Cuisine,Association,gold_text_in_stem,Wazwan is associated to which region of Jammu_kashmir?,Jammu_kashmir
sk02387,Jharkhand,Art,Association,gold_text_in_stem,Jani Shikar warpaint and weapons is associated to which region of Jharkhand?,Jharkhand
sk02399,Jharkhand,Art,Association,gold_text_in_stem,Where is the Jani Shikar warpaint and weapons famous within Jharkhand?,Jharkhand
sk02403,Jharkhand,Costume,Association,gold_text_in_stem,Where is the Panchi traditional attire tribal community famous within Jharkhand?,Jharkhand
sk02404,Jharkhand,Costume,Association,gold_text_in_stem,Jani Shikar where men stay indoors is associated to which region of Jharkhand?,Jharkhand
sk02405,Jharkhand,Costume,Association,gold_text_in_stem,Jani Shikar in Ranchi & Khunti districts state is associated to which region of Jharkhand?,Jharkhand
sk02409,Jharkhand,Costume,Association,gold_text_in_stem,Where is the Jani Shikar in Ranchi & Khunti districts state famous within Jharkhand?,Jharkhand
sk02410,Jharkhand,Costume,Association,gold_text_in_stem,Where is the Jani Shikar where men stay indoors famous within Jharkhand?,Jharkhand
sk02414,Jharkhand,Costume,Association,gold_text_in_stem,Panchi traditional attire tribal community is associated to which region of Jharkhand?,Jharkhand
sk02428,Jharkhand,Cuisine,Association,gold_text_in_stem,Dhooska is associated to which region of Jharkhand?,Jharkhand
sk02429,Jharkhand,Cuisine,Association,gold_text_in_stem,Where is the Primary ingredient in Dhuska famous within Jharkhand?,Jharkhand
sk02431,Jharkhand,Cuisine,Association,gold_text_in_stem,Where is the Dhooska famous within Jharkhand?,Jharkhand
sk02436,Jharkhand,Cuisine,Association,gold_text_in_stem,Where is the Til Barfi famous within Jharkhand?,Jharkhand
sk02438,Jharkhand,Cuisine,Association,gold_text_in_stem,Primary ingredient in Dhuska is associated to which region of Jharkhand?,Jharkhand
sk02440,Jharkhand,Cuisine,Association,gold_text_in_stem,Til Barfi is associated to which region of Jharkhand?,Jharkhand
sk02448,Jharkhand,Cultural_Common_Sense,Association,gold_text_in_stem,Where is the Dhanbad  famous within Jharkhand?,Jharkhand
sk02451,Jharkhand,Cultural_Common_Sense,Association,gold_text_in_stem,Dhanbad  is associated to which region of Jharkhand?,Jharkhand
sk02460,Jharkhand,Dance_and_Music,Association,gold_text_in_stem,Where is the Sarhul Dance famous within Jharkhand?,Jharkhand
sk02463,Jharkhand,Dance_and_Music,Association,gold_text_in_stem,Sarhul Dance is associated to which region of Jharkhand?,Jharkhand
sk02466,Jharkhand,Festivals,Association,gold_text_in_stem,Where is the Jani Shikar tribal mythology festival famous within Jharkhand?,Jharkhand
sk02470,Jharkhand,Festivals,Association,gold_text_in_stem,Where is the Hal Punhya famous within Jharkhand?,Jharkhand
sk02471,Jharkhand,Festivals,Association,gold_text_in_stem,Sarhul festival is associated to which region of Jharkhand?,Jharkhand
sk02477,Jharkhand,Festivals,Association,gold_text_in_stem,Where is the Sarhul festival famous within Jharkhand?,Jharkhand
sk02479,Jharkhand,Festivals,Association,gold_text_in_stem,Sarhul  is associated to which region of Jharkhand?,Jharkhand
sk02481,Jharkhand,Festivals,Association,gold_text_in_stem,Hal Punhya is associated to which region of Jharkhand?,Jharkhand
sk02482,Jharkhand,Festivals,Association,gold_text_in_stem,Jani Shikar tribal mythology festival is associated to which region of Jharkhand?,Jharkhand
sk02483,Jharkhand,Festivals,Association,gold_text_in_stem,Where is the Sarhul  famous within Jharkhand?,Jharkhand
sk02574,Karnataka,Art,Association,gold_text_in_stem,Art form showcased during Mysuru Dasara is associated to which region of Karnataka?,Mysuru
sk02575,Karnataka,Art,Association,gold_text_in_stem,Where is the Vachana Literature famous within Karnataka?,Karnataka
sk02576,Karnataka,Art,Association,gold_text_in_stem,Where is the State following Sharana teachings today famous within Karnataka?,Karnataka
sk02584,Karnataka,Art,Association,gold_text_in_stem,Where is the Decorated bullock carts and autos famous within Karnataka?,Karnataka
sk02586,Karnataka,Art,Association,gold_text_in_stem,Where is the Goravara Kunitha performed during Maha Shivaratri famous within Karnataka?,Karnataka
sk02587,Karnataka,Art,Association,gold_text_in_stem,State following Sharana teachings today is associated to which region of Karnataka?,Karnataka
sk02590,Karnataka,Art,Association,gold_text_in_stem,Mysore painting origin is associated to which region of Karnataka?,Karnataka
sk02593,Karnataka,Art,Association,gold_text_in_stem,Vachana Literature is associated to which region of Karnataka?,Karnataka
sk02598,Karnataka,Art,Association,gold_text_in_stem,Where is the Art form showcased during Mysuru Dasara famous within Karnataka?,Mysuru
sk02601,Karnataka,Art,Association,gold_text_in_stem,Goravara Kunitha performed during Maha Shivaratri is associated to which region of Karnataka?,Karnataka
sk02602,Karnataka,Art,Association,gold_text_in_stem,Decorated bullock carts and autos is associated to which region of Karnataka?,Karnataka
sk02603,Karnataka,Art,Association,gold_text_in_stem,Which of the given regions is home to the Art form showcased during Mysuru Dasara?,Mysuru
sk02604,Karnataka,Art,Association,gold_text_in_stem,Where is the Mysore painting origin famous within Karnataka?,Karnataka
sk02622,Karnataka,Cuisine,Association,gold_text_in_stem,Key spice blend in Bisi Bele Bath is associated to which region of Karnataka?,Karnataka
sk02625,Karnataka,Cuisine,Association,gold_text_in_stem,Where is the Mysore Pak origin famous within Karnataka?,Mysore
sk02628,Karnataka,Cuisine,Association,gold_text_in_stem,Where is the Primary lentil in Bisi Bele Bath famous within Karnataka?,Karnataka
sk02629,Karnataka,Cuisine,Association,gold_text_in_stem,Bisi Bele Bath origin is associated to which region of Karnataka?,Karnataka
sk02630,Karnataka,Cuisine,Association,gold_text_in_stem,Where is the Key spice blend in Bisi Bele Bath famous within Karnataka?,Karnataka
sk02633,Karnataka,Cuisine,Association,gold_text_in_stem,Which of the given regions is home to the Mysore Pak origin?,Mysore
sk02638,Karnataka,Cuisine,Association,gold_text_in_stem,Where is the Bisi Bele Bath origin famous within Karnataka?,Karnataka
sk02640,Karnataka,Cuisine,Association,gold_text_in_stem,Primary lentil in Bisi Bele Bath is associated to which region of Karnataka?,Karnataka
sk02641,Karnataka,Cuisine,Association,gold_text_in_stem,Mysore Pak origin is associated to which region of Karnataka?,Mysore
sk02649,Karnataka,Cultural_Common_Sense,Association,gold_text_in_stem,Which of the given regions is home to the Ayudha Puja in Mysuru Dasara worships?,Mysuru
sk02651,Karnataka,Cultural_Common_Sense,Association,gold_text_in_stem,Bhuta Kola is associated to which region of Karnataka?,Karnataka
sk02653,Karnataka,Cultural_Common_Sense,Association,gold_text_in_stem,Where is the Goravara Kunitha worship Lord Mylara in famous within Karnataka?,Karnataka
sk02655,Karnataka,Cultural_Common_Sense,Association,gold_state_name,"Which of the given regions is home to the Kannada film ""Samskara"" produced in?",Karnataka
sk02657,Karnataka,Cultural_Common_Sense,Association,gold_text_in_stem,Namaskara is associated to which region of Karnataka?,Karnataka
sk02660,Karnataka,Cultural_Common_Sense,Association,gold_text_in_stem,"Where is the Kannada film ""Samskara"" produced in famous within Karnataka?",Karnataka
sk02664,Karnataka,Cultural_Common_Sense,Association,gold_text_in_stem,Where is the Namaskara famous within Karnataka?,Karnataka
sk02665,Karnataka,Cultural_Common_Sense,Association,gold_text_in_stem,Ayudha Puja in Mysuru Dasara worships is associated to which region of Karnataka?,Mysuru
sk02669,Karnataka,Cultural_Common_Sense,Association,gold_text_in_stem,Where is the Ayudha Puja in Mysuru Dasara worships famous within Karnataka?,Mysuru
sk02672,Karnataka,Cultural_Common_Sense,Association,gold_text_in_stem,Goravara Kunitha worship Lord Mylara in is associated to which region of Karnataka?,Karnataka
sk02679,Karnataka,Cultural_Common_Sense,Association,gold_text_in_stem,Where is the Bhuta Kola famous within Karnataka?,Karnataka
sk02680,Karnataka,Cultural_Common_Sense,Association,gold_text_in_stem,"Kannada film ""Samskara"" produced in is associated to which region of Karnataka?",Karnataka
sk02688,Karnataka,Dance_and_Music,Association,gold_text_in_stem,Suggi Kunitha harvest dance is associated to which region of Karnataka?,Karnataka
sk02693,Karnataka,Dance_and_Music,Association,gold_text_in_stem,Where is the Suggi Kunitha harvest dance famous within Karnataka?,Karnataka
sk02705,Karnataka,Dance_and_Music,Association,gold_text_in_stem,Yakshagana musical instrument is associated to which region of Karnataka?,Karnataka
sk02718,Karnataka,Dance_and_Music,Association,gold_text_in_stem,Where is the Primary instrument in Goravara Kunitha famous within Karnataka?,Karnataka
sk02720,Karnataka,Dance_and_Music,Association,gold_text_in_stem,Primary instrument in Goravara Kunitha is associated to which region of Karnataka?,Karnataka
sk02722,Karnataka,Dance_and_Music,Association,gold_text_in_stem,Where is the Yakshagana musical instrument famous within Karnataka?,Karnataka
sk02724,Karnataka,Festivals,Association,gold_text_in_stem,Kannada Rajyotsava celebration is associated to which region of Karnataka?,Karnataka
sk02751,Karnataka,Festivals,Association,gold_text_in_stem,Mysore Dasara honors is associated to which region of Karnataka?,Mysore
sk02754,Karnataka,Festivals,Association,gold_text_in_stem,Mysore Dasara first celebrated under is associated to which region of Karnataka?,Mysore
sk02756,Karnataka,Festivals,Association,gold_text_in_stem,Karaga Festival is associated to which region of Karnataka?,Karnataka
sk02757,Karnataka,Festivals,Association,gold_text_in_stem,Where is the Mysore Dasara first celebrated under famous within Karnataka?,Mysore
sk02759,Karnataka,Festivals,Association,gold_text_in_stem,Which of the given regions is home to the Mysore Dasara honors?,Mysore
sk02767,Karnataka,Festivals,Association,gold_text_in_stem,Which of the given regions is home to the Traditional opening of Mysore Dasara?,Mysore
sk02775,Karnataka,Festivals,Association,gold_text_in_stem,Where is the Kannada Rajyotsava celebration famous within Karnataka?,Karnataka
sk02776,Karnataka,Festivals,Association,gold_text_in_stem,Where is the Gajapayana elephant procession tradition in famous within Karnataka?,Karnataka
sk02777,Karnataka,Festivals,Association,gold_text_in_stem,Which of the given regions is home to the Mysore Dasara first celebrated under?,Mysore
sk02781,Karnataka,Festivals,Association,gold_state_name,Which of the given regions is home to the Kannada Rajyotsava celebration?,Karnataka
sk02786,Karnataka,Festivals,Association,gold_text_in_stem,Traditional opening of Mysore Dasara is associated to which region of Karnataka?,Mysore
sk02787,Karnataka,Festivals,Association,gold_text_in_stem,Where is the Mysore Dasara honors famous within Karnataka?,Mysore
sk02790,Karnataka,Festivals,Association,gold_text_in_stem,Where is the Traditional opening of Mysore Dasara famous within Karnataka?,Mysore
sk02791,Karnataka,Festivals,Association,gold_text_in_stem,Where is the Karaga Festival famous within Karnataka?,Karnataka
sk02796,Karnataka,Festivals,Association,gold_text_in_stem,Gajapayana elephant procession tradition in is associated to which region of Karnataka?,Karnataka
sk02841,Karnataka,History,Association,gold_text_in_stem,Sharana movement origin is associated to which region of Karnataka?,Karnataka
sk02846,Karnataka,History,Association,gold_text_in_stem,Where is the Sharana movement origin famous within Karnataka?,Karnataka
sk02855,Karnataka,Language,Association,gold_text_in_stem,"Where is the Play ""Tughlaq"" first performed in famous within Karnataka?",Karnataka
sk02857,Karnataka,Language,Association,gold_text_in_stem,Where is the Kavirajamarga originated in famous within Karnataka?,Karnataka
sk02858,Karnataka,Language,Association,gold_text_in_stem,Kannada Language is associated to which region of Karnataka?,Karnataka
sk02859,Karnataka,Language,Association,gold_text_in_stem,Where is the Kannada Language famous within Karnataka?,Karnataka
sk02860,Karnataka,Language,Association,gold_text_in_stem,Dharwad Kannada dialect spoken in is associated to which region of Karnataka?,Dharwad
sk02861,Karnataka,Language,Association,gold_state_name,Which of the given regions is home to the Kannada Language?,Karnataka
sk02863,Karnataka,Language,Association,gold_text_in_stem,Ancient Tulu script found in is associated to which region of Karnataka?,Karnataka
sk02864,Karnataka,Language,Association,gold_text_in_stem,Where is the Ancient Tulu script found in famous within Karnataka?,Karnataka
sk02866,Karnataka,Language,Association,gold_text_in_stem,Kavirajamarga originated in is associated to which region of Karnataka?,Karnataka
sk02867,Karnataka,Language,Association,gold_text_in_stem,Where is the Tulu-speaking districts in Karnataka famous within Karnataka?,Karnataka
sk02868,Karnataka,Language,Association,gold_text_in_stem,Which of the given regions is home to the Tulu-speaking districts in Karnataka?,Karnataka
sk02872,Karnataka,Language,Association,gold_text_in_stem,Tulu-speaking districts in Karnataka is associated to which region of Karnataka?,Karnataka
sk02874,Karnataka,Language,Association,gold_text_in_stem,Which of the given regions is home to the Dharwad Kannada dialect spoken in?,Dharwad
sk02877,Karnataka,Language,Association,gold_text_in_stem,Where is the Dharwad Kannada dialect spoken in famous within Karnataka?,Dharwad
sk02888,Karnataka,Language,Association,gold_text_in_stem,"Play ""Tughlaq"" first performed in is associated to which region of Karnataka?",Karnataka
sk02889,Karnataka,Language,Association,gold_text_in_stem,Dravidian Language Family is associated to which region of Karnataka?,Karnataka
sk02890,Karnataka,Language,Association,gold_text_in_stem,Where is the Dravidian Language Family famous within Karnataka?,Karnataka
sk02909,Karnataka,Rituals_and_Ceremonies,Association,gold_text_in_stem,Where is the Ganga Pooja by fisherfolk famous within Karnataka?,Karnataka
sk02911,Karnataka,Rituals_and_Ceremonies,Association,gold_text_in_stem,Vachana movement originated in is associated to which region of Karnataka?,Karnataka
sk02916,Karnataka,Rituals_and_Ceremonies,Association,gold_text_in_stem,Where is the Vachana movement originated in famous within Karnataka?,Karnataka
sk02917,Karnataka,Rituals_and_Ceremonies,Association,gold_text_in_stem,Made Snana ritual state is associated to which region of Karnataka?,Karnataka
sk02918,Karnataka,Rituals_and_Ceremonies,Association,gold_text_in_stem,Ganga Pooja by fisherfolk is associated to which region of Karnataka?,Karnataka
sk02935,Karnataka,Rituals_and_Ceremonies,Association,gold_text_in_stem,Where is the Made Snana ritual state famous within Karnataka?,Karnataka
sk02955,Kerala,Costume,Association,gold_text_in_stem,Where is the Mundu famous within Kerala?,Kerala
sk02956,Kerala,Costume,Association,gold_text_in_stem,Mundu is associated to which region of Kerala?,Kerala
sk02961,Kerala,Cuisine,Association,gold_text_in_stem,Where is the Palada Payasam famous within Kerala?,Kerala
sk02962,Kerala,Cuisine,Association,gold_text_in_stem,Where is the Sadya famous within Kerala?,Kerala
sk02963,Kerala,Cuisine,Association,gold_text_in_stem,Sadya is associated to which region of Kerala?,Kerala
sk02966,Kerala,Cuisine,Association,gold_text_in_stem,Where is the Jackfruit seed flour preparations famous within Kerala?,Kerala
sk02967,Kerala,Cuisine,Association,gold_text_in_stem,Palada Payasam is associated to which region of Kerala?,Kerala
sk02969,Kerala,Cuisine,Association,gold_text_in_stem,Jackfruit seed flour preparations is associated to which region of Kerala?,Kerala
sk02973,Kerala,Cultural_Common_Sense,Association,gold_text_in_stem,Where is the Kerala Gods Own Country famous within Kerala?,Kerala
sk02974,Kerala,Cultural_Common_Sense,Association,gold_text_in_stem,Which of the given regions is home to the Kerala Gods Own Country?,Kerala
sk02975,Kerala,Cultural_Common_Sense,Association,gold_text_in_stem,Kerala Gods Own Country is associated to which region of Kerala?,Kerala
sk02977,Kerala,Dance_and_Music,Association,gold_text_in_stem,Where is the Koodiyattam famous within Kerala?,Kerala
sk02978,Kerala,Dance_and_Music,Association,gold_text_in_stem,Koodiyattam is associated to which region of Kerala?,Kerala
sk02981,Kerala,Dance_and_Music,Association,gold_text_in_stem,"Where is the Parichamuttukali
 famous within Kerala?",Kerala
sk02985,Kerala,Dance_and_Music,Association,gold_text_in_stem,"Parichamuttukali
 is associated to which region of Kerala?",Kerala
sk03001,Kerala,Festivals,Association,gold_text_in_stem,Where is the Boat Race famous within Kerala?,Kerala
sk03003,Kerala,Festivals,Association,gold_text_in_stem,Pookkalam (Floral Carpet) is associated to which region of Kerala?,Kerala
sk03005,Kerala,Festivals,Association,gold_text_in_stem,Where is the Pookkalam (Floral Carpet) famous within Kerala?,Kerala
sk03008,Kerala,Festivals,Association,gold_text_in_stem,Vishu is associated to which region of Kerala?,Kerala
sk03010,Kerala,Festivals,Association,gold_text_in_stem,Where is the Vishu famous within Kerala?,Kerala
sk03011,Kerala,Festivals,Association,gold_text_in_stem,Boat Race is associated to which region of Kerala?,Kerala
sk03016,Kerala,Personalities,Association,gold_text_in_stem,Where is the Thinkalazhcha Nishchayam famous within Kerala?,Kerala
sk03017,Kerala,Personalities,Association,gold_text_in_stem,Thinkalazhcha Nishchayam is associated to which region of Kerala?,Kerala
sk03021,Kerala,Rituals_and_Ceremonies,Association,gold_text_in_stem,Where is the Thali Kettu famous within Kerala?,Kerala
sk03025,Kerala,Rituals_and_Ceremonies,Association,gold_text_in_stem,Where is the Oppana famous within Kerala?,Kerala
sk03026,Kerala,Rituals_and_Ceremonies,Association,gold_text_in_stem,Thali Kettu is associated to which region of Kerala?,Kerala
sk03030,Kerala,Rituals_and_Ceremonies,Association,gold_text_in_stem,Oppana is associated to which region of Kerala?,Kerala
sk03051,Ladakh,Art,Association,gold_text_in_stem,Where is the Mani stone famous within Ladakh?,Ladakh
sk03053,Ladakh,Art,Association,gold_text_in_stem,Mani stone is associated to which region of Ladakh?,Ladakh
sk03057,Ladakh,Costume,Association,gold_text_in_stem,Where is the Paabu famous within Ladakh?,Ladakh
sk03059,Ladakh,Costume,Association,gold_text_in_stem,Pashmina shawls is associated to which region of Ladakh?,Ladakh
sk03060,Ladakh,Costume,Association,gold_text_in_stem,Where is the Perak famous within Ladakh?,Ladakh
sk03061,Ladakh,Costume,Association,gold_text_in_stem,Where is the traditional jewelry famous within Ladakh?,Ladakh
sk03062,Ladakh,Costume,Association,gold_text_in_stem,traditional jewelry is associated to which region of Ladakh?,Ladakh
sk03063,Ladakh,Costume,Association,gold_text_in_stem,Where is the Pashmina shawls famous within Ladakh?,Ladakh
sk03066,Ladakh,Costume,Association,gold_text_in_stem,Paabu is associated to which region of Ladakh?,Ladakh
sk03068,Ladakh,Costume,Association,gold_text_in_stem,Perak is associated to which region of Ladakh?,Ladakh
sk03069,Ladakh,Dance_and_Music,Association,gold_text_in_stem,Shondol is associated to which region of Ladakh?,Ladakh
sk03070,Ladakh,Dance_and_Music,Association,gold_text_in_stem,Where is the Shondol famous within Ladakh?,Ladakh
sk03072,Ladakh,Festivals,Association,gold_text_in_stem,Stok Guru Tsechu festival is associated to which region of Ladakh?,Stok
sk03073,Ladakh,Festivals,Association,gold_text_in_stem,Which of the given regions is home to the Stok Guru Tsechu festival?,Stok
sk03074,Ladakh,Festivals,Association,gold_text_in_stem,Where is the Stok Guru Tsechu festival famous within Ladakh?,Stok
sk03076,Ladakh,History,Association,gold_text_in_stem,Where is the Pangong Tso famous within Ladakh?,Ladakh
sk03080,Ladakh,History,Association,gold_text_in_stem,Pangong Tso is associated to which region of Ladakh?,Ladakh
sk03081,Ladakh,Personalities,Association,gold_state_name,Which of the given regions is home to the Shaynam Ladakhi?,Ladakh
sk03086,Ladakh,Personalities,Association,gold_state_name,Which of the given regions is home to the Phonsok Ladakhi?,Ladakh
sk03089,Ladakh,Personalities,Association,gold_text_in_stem,Shaynam Ladakhi is associated to which region of Ladakh?,Ladakh
sk03090,Ladakh,Personalities,Association,gold_text_in_stem,Phonsok Ladakhi is associated to which region of Ladakh?,Ladakh
sk03091,Ladakh,Personalities,Association,gold_text_in_stem,Chewang Norphel is associated to which region of Ladakh?,Ladakh
sk03093,Ladakh,Personalities,Association,gold_text_in_stem,Where is the Phonsok Ladakhi famous within Ladakh?,Ladakh
sk03095,Ladakh,Personalities,Association,gold_text_in_stem,Where is the Chewang Norphel famous within Ladakh?,Ladakh
sk03096,Ladakh,Personalities,Association,gold_text_in_stem,Where is the Shaynam Ladakhi famous within Ladakh?,Ladakh
sk03106,Ladakh,Tourism,Association,gold_text_in_stem,Sham Valley Trek is associated to which region of Ladakh?,Ladakh
sk03113,Ladakh,Tourism,Association,gold_text_in_stem,Where is the Sham Valley Trek famous within Ladakh?,Ladakh
sk03114,Lakshadweep,Cultural_Common_Sense,Association,gold_text_in_stem,Where is the Lakshadweep Regulation famous within Lakshadweep?,Lakshadweep
sk03115,Lakshadweep,Cultural_Common_Sense,Association,gold_text_in_stem,Lakshadweep Regulation is associated to which region of Lakshadweep?,Lakshadweep
sk03119,Lakshadweep,Cultural_Common_Sense,Association,gold_text_in_stem,Which of the given regions is home to the Lakshadweep Regulation?,Lakshadweep
sk03121,Lakshadweep,Dance_and_Music,Association,gold_text_in_stem,Parichakali dance is associated to which region of Lakshadweep?,Lakshadweep
sk03123,Lakshadweep,Dance_and_Music,Association,gold_text_in_stem,Where is the Parichakali dance famous within Lakshadweep?,Lakshadweep
sk03124,Lakshadweep,Dance_and_Music,Association,gold_text_in_stem,Where is the Lava dance famous within Lakshadweep?,Lakshadweep
sk03125,Lakshadweep,Dance_and_Music,Association,gold_text_in_stem,Lava dance is associated to which region of Lakshadweep?,Lakshadweep
sk03127,Lakshadweep,Tourism,Association,gold_text_in_stem,Which of the given regions is home to the Minicoy?,Minicoy
sk03128,Lakshadweep,Tourism,Association,gold_text_in_stem,Where is the Pitti famous within Lakshadweep?,Lakshadweep
sk03130,Lakshadweep,Tourism,Association,gold_text_in_stem,Pitti is associated to which region of Lakshadweep?,Lakshadweep
sk03131,Lakshadweep,Tourism,Association,gold_text_in_stem,Where is the Minicoy famous within Lakshadweep?,Minicoy
sk03133,Lakshadweep,Tourism,Association,gold_text_in_stem,Which of the given regions is home to the Kavaratti?,Kavaratti
sk03134,Lakshadweep,Tourism,Association,gold_text_in_stem,Where is the Kavaratti famous within Lakshadweep?,Kavaratti
sk03135,Lakshadweep,Tourism,Association,gold_text_in_stem,Kavaratti is associated to which region of Lakshadweep?,Kavaratti
sk03136,Lakshadweep,Tourism,Association,gold_text_in_stem,Minicoy is associated to which region of Lakshadweep?,Minicoy
sk03138,Madhya_Pradesh,Art,Association,gold_text_in_stem,Which of the given regions is home to the Madhya Pradesh Bamboo craft?,Madhya Pradesh
sk03139,Madhya_Pradesh,Art,Association,gold_text_in_stem,Gond and Bhil Paintings is associated to which region of Madhya_Pradesh?,Madhya Pradesh
sk03140,Madhya_Pradesh,Art,Association,gold_text_in_stem,Where is the Gond and Bhil Paintings famous within Madhya_Pradesh?,Madhya Pradesh
sk03141,Madhya_Pradesh,Art,Association,gold_text_in_stem,Madhya Pradesh Bamboo craft is associated to which region of Madhya_Pradesh?,Madhya Pradesh
sk03143,Madhya_Pradesh,Art,Association,gold_text_in_stem,Where is the Madhya Pradesh Bamboo craft famous within Madhya_Pradesh?,Madhya Pradesh
sk03146,Madhya_Pradesh,Costume,Association,gold_text_in_stem,Maheshwari and Chanderi Sarees is associated to which region of Madhya_Pradesh?,Madhya Pradesh
sk03147,Madhya_Pradesh,Costume,Association,gold_text_in_stem,Where is the Maheshwari and Chanderi Sarees famous within Madhya_Pradesh?,Madhya Pradesh
sk03152,Madhya_Pradesh,Cuisine,Association,gold_text_in_stem,Where is the Garadu and Kulfi Falooda in madhya pradesh famous within Madhya_Pradesh?,Madhya Pradesh
sk03153,Madhya_Pradesh,Cuisine,Association,gold_text_in_stem,Which of the given regions is home to the Garadu and Kulfi Falooda in madhya pradesh?,Madhya Pradesh
sk03154,Madhya_Pradesh,Cuisine,Association,gold_text_in_stem,"Poha,Bhutte ka Kees,Dal Bafla is associated to which region of Madhya_Pradesh?",Madhya Pradesh
sk03156,Madhya_Pradesh,Cuisine,Association,gold_text_in_stem,"Where is the Poha,Bhutte ka Kees,Dal Bafla famous within Madhya_Pradesh?",Madhya Pradesh
sk03157,Madhya_Pradesh,Cuisine,Association,gold_text_in_stem,Garadu and Kulfi Falooda in madhya pradesh is associated to which region of Madhya_Pradesh?,Madhya Pradesh
sk03159,Madhya_Pradesh,Cultural_Common_Sense,Association,gold_text_in_stem,"Khajuraho,Sanchi Stupa, Bhimbetka rock shelters is associated to which region of Madhya_Pradesh?",Madhya Pradesh
sk03162,Madhya_Pradesh,Cultural_Common_Sense,Association,gold_text_in_stem,"Where is the Khajuraho,Sanchi Stupa, Bhimbetka rock shelters famous within Madhya_Pradesh?",Madhya Pradesh
sk03165,Madhya_Pradesh,Festivals,Association,gold_text_in_stem,Where is the Malwa Utsav famous within Madhya_Pradesh?,Madhya Pradesh
sk03166,Madhya_Pradesh,Festivals,Association,gold_text_in_stem,Malwa Utsav is associated to which region of Madhya_Pradesh?,Madhya Pradesh
sk03180,Madhya_Pradesh,History,Association,gold_text_in_stem,Paramara dynasty is associated to which region of Madhya_Pradesh?,Madhya Pradesh
sk03181,Madhya_Pradesh,History,Association,gold_text_in_stem,Where is the Paramara dynasty famous within Madhya_Pradesh?,Madhya Pradesh
sk03186,Madhya_Pradesh,History,Association,gold_text_in_stem,Holkar and Scindia is associated to which region of Madhya_Pradesh?,Madhya Pradesh
sk03192,Madhya_Pradesh,History,Association,gold_text_in_stem,Where is the Malwa Sultanate famous within Madhya_Pradesh?,Madhya Pradesh
sk03193,Madhya_Pradesh,History,Association,gold_text_in_stem,Malwa Sultanate is associated to which region of Madhya_Pradesh?,Madhya Pradesh
sk03195,Madhya_Pradesh,History,Association,gold_text_in_stem,Where is the Holkar and Scindia famous within Madhya_Pradesh?,Madhya Pradesh
sk03199,Madhya_Pradesh,Rituals_and_Ceremonies,Association,gold_text_in_stem,Where is the Bhagoria ritual famous within Madhya_Pradesh?,Madhya Pradesh
sk03200,Madhya_Pradesh,Rituals_and_Ceremonies,Association,gold_text_in_stem,Bhagoria ritual is associated to which region of Madhya_Pradesh?,Madhya Pradesh
sk03205,Madhya_Pradesh,Tourism,Association,gold_text_in_stem,Where is the Kanha National Park famous within Madhya_Pradesh?,Madhya Pradesh
sk03210,Madhya_Pradesh,Tourism,Association,gold_text_in_stem,Where is the Narmada Parikrama famous within Madhya_Pradesh?,Madhya Pradesh
sk03215,Madhya_Pradesh,Tourism,Association,gold_text_in_stem,Narmada Parikrama is associated to which region of Madhya_Pradesh?,Madhya Pradesh
sk03217,Madhya_Pradesh,Tourism,Association,gold_text_in_stem,Kanha National Park is associated to which region of Madhya_Pradesh?,Madhya Pradesh
sk03219,Maharashtra,Art,Association,gold_text_in_stem,Where is the Sawantwadi Craft famous within Maharashtra?,Sawantwadi
sk03220,Maharashtra,Art,Association,gold_text_in_stem,Which of the given regions is home to the Sawantwadi Craft?,Sawantwadi
sk03221,Maharashtra,Art,Association,gold_text_in_stem,Sawantwadi Craft is associated to which region of Maharashtra?,Sawantwadi
sk03222,Maharashtra,Costume,Association,gold_text_in_stem,Paithani Sarees is associated to which region of Maharashtra?,Maharashtra
sk03223,Maharashtra,Costume,Association,gold_text_in_stem,Nath-Marathi Nosepin is associated to which region of Maharashtra?,Maharashtra
sk03224,Maharashtra,Costume,Association,gold_text_in_stem,Where is the Kasta Sari famous within Maharashtra?,Maharashtra
sk03227,Maharashtra,Costume,Association,gold_text_in_stem,Kasta Sari is associated to which region of Maharashtra?,Maharashtra
sk03233,Maharashtra,Costume,Association,gold_state_name,Which of the given regions is home to the Nath-Marathi Nosepin?,Maharashtra
sk03235,Maharashtra,Costume,Association,gold_text_in_stem,Where is the Nath-Marathi Nosepin famous within Maharashtra?,Maharashtra
sk03236,Maharashtra,Costume,Association,gold_text_in_stem,Dhoti Pheta Nauvari is associated to which region of Maharashtra?,Maharashtra
sk03239,Maharashtra,Costume,Association,gold_text_in_stem,Where is the Dhoti Pheta Nauvari famous within Maharashtra?,Maharashtra
sk03240,Maharashtra,Costume,Association,gold_text_in_stem,Where is the Paithani Sarees famous within Maharashtra?,Maharashtra
sk03247,Maharashtra,Cultural_Common_Sense,Association,gold_text_in_stem,Which of the given regions is home to the Shiv Jayanti in maharashtra?,Maharashtra
sk03250,Maharashtra,Cultural_Common_Sense,Association,gold_text_in_stem,Shiv Jayanti in maharashtra is associated to which region of Maharashtra?,Maharashtra
sk03251,Maharashtra,Cultural_Common_Sense,Association,gold_text_in_stem,Where is the Shiv Jayanti in maharashtra famous within Maharashtra?,Maharashtra
sk03257,Maharashtra,Festivals,Association,gold_text_in_stem,Where is the Ganesh Chaturthi in maharashtra famous within Maharashtra?,Maharashtra
sk03261,Maharashtra,Festivals,Association,gold_text_in_stem,Ganesh Chaturthi in maharashtra is associated to which region of Maharashtra?,Maharashtra
sk03262,Maharashtra,Festivals,Association,gold_text_in_stem,Which of the given regions is home to the Ganesh Chaturthi in maharashtra?,Maharashtra
sk03267,Maharashtra,Festivals,Association,gold_text_in_stem,Where is the Mangalagaur Festival famous within Maharashtra?,Maharashtra
sk03269,Maharashtra,Festivals,Association,gold_text_in_stem,Mangalagaur Festival is associated to which region of Maharashtra?,Maharashtra
sk03272,Maharashtra,History,Association,gold_text_in_stem,Mahatma Jyotirao Phule and Savitribai Phule is associated to which region of Maharashtra?,Maharashtra
sk03273,Maharashtra,History,Association,gold_text_in_stem,Where is the Mahatma Jyotirao Phule and Savitribai Phule famous within Maharashtra?,Maharashtra
sk03274,Maharashtra,History,Association,gold_text_in_stem,Where is the Peshwas in Maratha Empire famous within Maharashtra?,Maharashtra
sk03276,Maharashtra,History,Association,gold_text_in_stem,Peshwas in Maratha Empire is associated to which region of Maharashtra?,Maharashtra
sk03277,Maharashtra,History,Association,gold_text_in_stem,Maratha Empire is associated to which region of Maharashtra?,Maharashtra
sk03278,Maharashtra,History,Association,gold_text_in_stem,Where is the Maratha Empire famous within Maharashtra?,Maharashtra
sk03307,Manipur,Art,Association,gold_text_in_stem,Where is the Thang Ta famous within Manipur?,Manipur
sk03308,Manipur,Art,Association,gold_text_in_stem,Thang Ta is associated to which region of Manipur?,Manipur
sk03312,Manipur,Costume,Association,gold_text_in_stem,Khamen Chatpa is associated to which region of Manipur?,Manipur
sk03313,Manipur,Costume,Association,gold_text_in_stem,Where is the Phanek and Innaphi famous within Manipur?,Manipur
sk03316,Manipur,Costume,Association,gold_text_in_stem,Phanek and Innaphi is associated to which region of Manipur?,Manipur
sk03317,Manipur,Costume,Association,gold_text_in_stem,Where is the Khamen Chatpa famous within Manipur?,Manipur
sk03327,Manipur,Dance_and_Music,Association,gold_text_in_stem,Khullang Eshei is associated to which region of Manipur?,Manipur
sk03329,Manipur,Dance_and_Music,Association,gold_text_in_stem,Pung Cholam is associated to which region of Manipur?,Manipur
sk03331,Manipur,Dance_and_Music,Association,gold_text_in_stem,Where is the Khullang Eshei famous within Manipur?,Manipur
sk03334,Manipur,Dance_and_Music,Association,gold_text_in_stem,Where is the Pung Cholam famous within Manipur?,Manipur
sk03337,Manipur,Dance_and_Music,Association,gold_text_in_stem,Where is the Ras Leela dance famous within Manipur?,Manipur
sk03341,Manipur,Dance_and_Music,Association,gold_text_in_stem,Ras Leela dance is associated to which region of Manipur?,Manipur
sk03346,Manipur,Festivals,Association,gold_text_in_stem,Where is the Ningol Chakouba famous within Manipur?,Manipur
sk03353,Manipur,Festivals,Association,gold_text_in_stem,Eid al-Fitr is associated to which region of Manipur?,Manipur
sk03356,Manipur,Festivals,Association,gold_text_in_stem,Where is the Eid al-Fitr famous within Manipur?,Manipur
sk03359,Manipur,Festivals,Association,gold_text_in_stem,Ningol Chakouba is associated to which region of Manipur?,Manipur
sk03378,Manipur,Personalities,Association,gold_text_in_stem,Ratan Thiyam is associated to which region of Manipur?,Manipur
sk03387,Manipur,Personalities,Association,gold_text_in_stem,Where is the  Ratan Thiyam famous within Manipur?,Manipur
sk03417,Manipur,Sports,Association,gold_text_in_stem,Sagol Kangjei is associated to which region of Manipur?,Manipur
sk03419,Manipur,Sports,Association,gold_text_in_stem,Where is the Sagol Kangjei famous within Manipur?,Manipur
sk03443,Manipur,Tourism,Association,gold_text_in_stem,Where is the Sangai  famous within Manipur?,Manipur
sk03448,Manipur,Tourism,Association,gold_text_in_stem,Sangai  is associated to which region of Manipur?,Manipur
sk03450,Meghalaya,Art,Association,gold_text_in_stem,Bamboo and Cane Culture of Meghalaya is associated to which region of Meghalaya?,Meghalaya
sk03451,Meghalaya,Art,Association,gold_text_in_stem,"Garo, Khasi, Jaintia crafting is associated to which region of Meghalaya?",Meghalaya
sk03452,Meghalaya,Art,Association,gold_text_in_stem,Which of the given regions is home to the Meghalaya wood carving tradition?,Meghalaya
sk03454,Meghalaya,Art,Association,gold_text_in_stem,Meghalaya wood carving tradition is associated to which region of Meghalaya?,Meghalaya
sk03455,Meghalaya,Art,Association,gold_text_in_stem,Where is the Bamboo and Cane Culture of Meghalaya famous within Meghalaya?,Meghalaya
sk03456,Meghalaya,Art,Association,gold_text_in_stem,Where is the Meghalaya wood carving tradition famous within Meghalaya?,Meghalaya
sk03457,Meghalaya,Art,Association,gold_text_in_stem,Which of the given regions is home to the Bamboo and Cane Culture of Meghalaya?,Meghalaya
sk03458,Meghalaya,Art,Association,gold_text_in_stem,"Where is the Garo, Khasi, Jaintia crafting famous within Meghalaya?",Meghalaya
sk03459,Meghalaya,Cultural_Common_Sense,Association,gold_text_in_stem,Where is the Emblem of Meghalaya famous within Meghalaya?,Meghalaya
sk03460,Meghalaya,Cultural_Common_Sense,Association,gold_text_in_stem,Emblem of Meghalaya is associated to which region of Meghalaya?,Meghalaya
sk03461,Meghalaya,Cultural_Common_Sense,Association,gold_text_in_stem,Which of the given regions is home to the Emblem of Meghalaya?,Meghalaya
sk03486,Mizoram,Art,Association,gold_text_in_stem,Where is the Mizo craft famous within Mizoram?,Mizoram
sk03487,Mizoram,Art,Association,gold_text_in_stem,Mizo craft is associated to which region of Mizoram?,Mizoram
sk03488,Mizoram,Art,Association,gold_state_name,Which of the given regions is home to the Mizo craft?,Mizoram
sk03489,Mizoram,Costume,Association,gold_text_in_stem,Mizo Puanchei is associated to which region of Mizoram?,Mizoram
sk03490,Mizoram,Costume,Association,gold_state_name,Which of the given regions is home to the Mizo Puanchei?,Mizoram
sk03491,Mizoram,Costume,Association,gold_text_in_stem,Where is the Mizo Puanchei famous within Mizoram?,Mizoram
sk03495,Mizoram,Dance_and_Music,Association,gold_text_in_stem,Where is the Khual Lam famous within Mizoram?,Mizoram
sk03496,Mizoram,Dance_and_Music,Association,gold_text_in_stem,Khual Lam is associated to which region of Mizoram?,Mizoram
sk03498,Mizoram,Dance_and_Music,Association,gold_text_in_stem,Cheraw (dance) is associated to which region of Mizoram?,Mizoram
sk03500,Mizoram,Dance_and_Music,Association,gold_text_in_stem,Where is the Cheraw (dance) famous within Mizoram?,Mizoram
sk03501,Mizoram,Festivals,Association,gold_text_in_stem,Where is the Chapchar Kut famous within Mizoram?,Mizoram
sk03502,Mizoram,Festivals,Association,gold_text_in_stem,Chapchar Kut is associated to which region of Mizoram?,Mizoram
sk03504,Mizoram,History,Association,gold_text_in_stem,Zawlbuk is associated to which region of Mizoram?,Mizoram
sk03506,Mizoram,History,Association,gold_text_in_stem,Where is the Zawlbuk famous within Mizoram?,Mizoram
sk03507,Mizoram,Religion,Association,gold_text_in_stem,"Where is the Solomon's Temple, Aizawl famous within Mizoram?",Aizawl
sk03508,Mizoram,Religion,Association,gold_text_in_stem,"Solomon's Temple, Aizawl is associated to which region of Mizoram?",Aizawl
sk03509,Mizoram,Religion,Association,gold_text_in_stem,"Which of the given regions is home to the Solomon's Temple, Aizawl?",Aizawl
sk03537,Nagaland,Art,Association,gold_text_in_stem,Bamboo and Cane Culture of Nagaland is associated to which region of Nagaland?,Nagaland
sk03538,Nagaland,Art,Association,gold_text_in_stem,Which of the given regions is home to the Bamboo and Cane Culture of Nagaland?,Nagaland
sk03539,Nagaland,Art,Association,gold_text_in_stem,Where is the Bamboo and Cane Culture of Nagaland famous within Nagaland?,Nagaland
sk03540,Nagaland,Art,Association,gold_text_in_stem,Where is the Textiles of Nagaland famous within Nagaland?,Nagaland
sk03541,Nagaland,Art,Association,gold_text_in_stem,Textiles of Nagaland is associated to which region of Nagaland?,Nagaland
sk03542,Nagaland,Art,Association,gold_text_in_stem,Which of the given regions is home to the Textiles of Nagaland?,Nagaland
sk03543,Nagaland,Costume,Association,gold_text_in_stem,TsÃÂ¼ngkotepsÃÂ¼ is associated to which region of Nagaland?,Nagaland
sk03544,Nagaland,Costume,Association,gold_text_in_stem,Naga Shawl is associated to which region of Nagaland?,Nagaland
sk03545,Nagaland,Costume,Association,gold_state_name,Which of the given regions is home to the Naga Shawl?,Nagaland
sk03546,Nagaland,Costume,Association,gold_text_in_stem,Where is the Naga Shawl famous within Nagaland?,Nagaland
sk03548,Nagaland,Costume,Association,gold_text_in_stem,Where is the TsÃÂ¼ngkotepsÃÂ¼ famous within Nagaland?,Nagaland
sk03549,Nagaland,Cuisine,Association,gold_text_in_stem,Zutho is associated to which region of Nagaland?,Nagaland
sk03551,Nagaland,Cuisine,Association,gold_text_in_stem,Where is the Zutho famous within Nagaland?,Nagaland
sk03564,Nagaland,Dance_and_Music,Association,gold_state_name,Which of the given regions is home to the Naga Drum?,Nagaland
sk03565,Nagaland,Dance_and_Music,Association,gold_text_in_stem,BamHum is associated to which region of Nagaland?,Nagaland
sk03566,Nagaland,Dance_and_Music,Association,gold_text_in_stem,Where is the Naga Drum famous within Nagaland?,Nagaland
sk03567,Nagaland,Dance_and_Music,Association,gold_text_in_stem,Where is the Chang Lo famous within Nagaland?,Nagaland
sk03568,Nagaland,Dance_and_Music,Association,gold_text_in_stem,Where is the BamHum famous within Nagaland?,Nagaland
sk03570,Nagaland,Dance_and_Music,Association,gold_text_in_stem,Chang Lo is associated to which region of Nagaland?,Nagaland
sk03571,Nagaland,Dance_and_Music,Association,gold_text_in_stem,Naga Drum is associated to which region of Nagaland?,Nagaland
sk03573,Nagaland,Festivals,Association,gold_text_in_stem,TokhÃÂ¼ Emong is associated to which region of Nagaland?,Nagaland
sk03575,Nagaland,Festivals,Association,gold_text_in_stem,Where is the Tuluni Festival  famous within Nagaland?,Nagaland
sk03580,Nagaland,Festivals,Association,gold_text_in_stem,Moatsu Festival  is associated to which region of Nagaland?,Nagaland
sk03583,Nagaland,Festivals,Association,gold_text_in_stem,Sekrenyi is associated to which region of Nagaland?,Nagaland
sk03585,Nagaland,Festivals,Association,gold_text_in_stem,Where is the Sekrenyi famous within Nagaland?,Nagaland
sk03587,Nagaland,Festivals,Association,gold_text_in_stem,Where is the Moatsu Festival  famous within Nagaland?,Nagaland
sk03588,Nagaland,Festivals,Association,gold_text_in_stem,Tuluni Festival  is associated to which region of Nagaland?,Nagaland
sk03590,Nagaland,Festivals,Association,gold_text_in_stem,Where is the TokhÃÂ¼ Emong famous within Nagaland?,Nagaland
sk03592,Nagaland,History,Association,gold_text_in_stem,Where is the Kohima War Cemetery famous within Nagaland?,Kohima
sk03595,Nagaland,History,Association,gold_text_in_stem,Which of the given regions is home to the Kohima War Cemetery?,Kohima
sk03596,Nagaland,History,Association,gold_text_in_stem,Kohima War Cemetery is associated to which region of Nagaland?,Kohima
sk03597,Nagaland,Religion,Association,gold_text_in_stem,"Where is the Mary Help of Christians Cathedral, Kohima famous within Nagaland?",Kohima
sk03598,Nagaland,Religion,Association,gold_text_in_stem,"Which of the given regions is home to the Mary Help of Christians Cathedral, Kohima?",Kohima
sk03599,Nagaland,Religion,Association,gold_text_in_stem,"Mary Help of Christians Cathedral, Kohima is associated to which region of Nagaland?",Kohima
sk03600,Nagaland,Sports,Association,gold_state_name,Which of the given regions is home to the Kene (Naga wrestling)?,Nagaland
sk03601,Nagaland,Sports,Association,gold_text_in_stem,Where is the Kene (Naga wrestling) famous within Nagaland?,Nagaland
sk03602,Nagaland,Sports,Association,gold_text_in_stem,Kene (Naga wrestling) is associated to which region of Nagaland?,Nagaland
sk03630,Odisha,Cuisine,Association,gold_text_in_stem,Where is the Pakhala famous within Odisha?,Odisha
sk03631,Odisha,Cuisine,Association,gold_text_in_stem,Where is the Chhena Poda famous within Odisha?,Odisha
sk03633,Odisha,Cuisine,Association,gold_text_in_stem,Chhena Poda is associated to which region of Odisha?,Odisha
sk03635,Odisha,Cuisine,Association,gold_text_in_stem,Pakhala is associated to which region of Odisha?,Odisha
sk03638,Odisha,Cultural_Common_Sense,Association,gold_text_in_stem,Where is the Konark Sun Temple famous within Odisha?,Konark
sk03640,Odisha,Cultural_Common_Sense,Association,gold_text_in_stem,"Where is the Jagannath Temple, Puri famous within Odisha?",Puri
sk03641,Odisha,Cultural_Common_Sense,Association,gold_text_in_stem,"Which of the given regions is home to the Jagannath Temple, Puri?",Puri
sk03643,Odisha,Cultural_Common_Sense,Association,gold_text_in_stem,Ratha Yatra (Puri) is associated to which region of Odisha?,Puri
sk03644,Odisha,Cultural_Common_Sense,Association,gold_text_in_stem,Konark Sun Temple is associated to which region of Odisha?,Konark
sk03647,Odisha,Cultural_Common_Sense,Association,gold_text_in_stem,"Jagannath Temple, Puri is associated to which region of Odisha?",Puri
sk03648,Odisha,Cultural_Common_Sense,Association,gold_text_in_stem,Where is the Ratha Yatra (Puri) famous within Odisha?,Puri
sk03649,Odisha,Cultural_Common_Sense,Association,gold_text_in_stem,Which of the given regions is home to the Ratha Yatra (Puri)?,Puri
sk03651,Odisha,Cultural_Common_Sense,Association,gold_text_in_stem,Which of the given regions is home to the Konark Sun Temple?,Konark
sk03662,Odisha,Dance_and_Music,Association,gold_text_in_stem,Gotipua is associated to which region of Odisha?,Odisha
sk03674,Odisha,Dance_and_Music,Association,gold_text_in_stem,Where is the Gotipua famous within Odisha?,Odisha
sk03678,Odisha,Language,Association,gold_text_in_stem,Where is the Odissi famous within Odisha?,Odisha
sk03680,Odisha,Language,Association,gold_text_in_stem,Odissi is associated to which region of Odisha?,Odisha
sk03706,Puducherry,Art,Association,gold_text_in_stem,Kora Mats is associated to which region of Puducherry?,Puducherry
sk03708,Puducherry,Art,Association,gold_text_in_stem,Seashell Craft is associated to which region of Puducherry?,Puducherry
sk03709,Puducherry,Art,Association,gold_text_in_stem,Which of the given regions is home to the Villianur Terracotta Works?,Villianur
sk03711,Puducherry,Art,Association,gold_text_in_stem,Where is the Kora Mats famous within Puducherry?,Puducherry
sk03712,Puducherry,Art,Association,gold_text_in_stem,Where is the Seashell Craft famous within Puducherry?,Puducherry
sk03716,Puducherry,Art,Association,gold_text_in_stem,Terracotta Dolls is associated to which region of Puducherry?,Puducherry
sk03717,Puducherry,Art,Association,gold_text_in_stem,Villianur Terracotta Works is associated to which region of Puducherry?,Villianur
sk03718,Puducherry,Art,Association,gold_text_in_stem,Where is the Terracotta Dolls famous within Puducherry?,Puducherry
sk03719,Puducherry,Art,Association,gold_text_in_stem,Where is the Villianur Terracotta Works famous within Puducherry?,Villianur
sk03722,Puducherry,Cultural_Common_Sense,Association,gold_text_in_stem,Where is the Auroville 3D-printed house famous within Puducherry?,Auroville
sk03725,Puducherry,Cultural_Common_Sense,Association,gold_text_in_stem,Where is the Auroville Sadhana Forest famous within Puducherry?,Auroville
sk03729,Puducherry,Cultural_Common_Sense,Association,gold_text_in_stem,Which of the given regions is home to the Auroville Sadhana Forest?,Auroville
sk03730,Puducherry,Cultural_Common_Sense,Association,gold_text_in_stem,Which of the given regions is home to the Auroville 3D-printed house?,Auroville
sk03733,Puducherry,Cultural_Common_Sense,Association,gold_text_in_stem,Where is the Checkered Keelback famous within Puducherry?,Puducherry
sk03736,Puducherry,Cultural_Common_Sense,Association,gold_text_in_stem,Auroville Sadhana Forest is associated to which region of Puducherry?,Auroville
sk03738,Puducherry,Cultural_Common_Sense,Association,gold_text_in_stem,Auroville 3D-printed house is associated to which region of Puducherry?,Auroville
sk03743,Puducherry,Cultural_Common_Sense,Association,gold_text_in_stem,Checkered Keelback is associated to which region of Puducherry?,Puducherry
sk03744,Puducherry,Dance_and_Music,Association,gold_text_in_stem,Where is the Garadi Dance famous within Puducherry?,Puducherry
sk03746,Puducherry,Dance_and_Music,Association,gold_text_in_stem,Garadi Dance is associated to which region of Puducherry?,Puducherry
sk03789,Puducherry,Rituals_and_Ceremonies,Association,gold_text_in_stem,Where is the Veerampattinam beach procession famous within Puducherry?,Veerampattinam
sk03790,Puducherry,Rituals_and_Ceremonies,Association,gold_text_in_stem,Veerampattinam beach procession is associated to which region of Puducherry?,Veerampattinam
sk03791,Puducherry,Rituals_and_Ceremonies,Association,gold_text_in_stem,Which of the given regions is home to the Veerampattinam beach procession?,Veerampattinam
sk03795,Puducherry,Tourism,Association,gold_state_name,Which of the given regions is home to the Pondicherry Lighthouse?,Puducherry
sk03797,Puducherry,Tourism,Association,gold_text_in_stem,Which of the given regions is home to the Bahour Lake?,Bahour
sk03798,Puducherry,Tourism,Association,gold_text_in_stem,Pondicherry Lighthouse is associated to which region of Puducherry?,Puducherry
sk03803,Puducherry,Tourism,Association,gold_text_in_stem,Bahour Lake is associated to which region of Puducherry?,Bahour
sk03804,Puducherry,Tourism,Association,gold_text_in_stem,Where is the Bahour Lake famous within Puducherry?,Bahour
sk03805,Puducherry,Tourism,Association,gold_text_in_stem,Where is the Pondicherry Lighthouse famous within Puducherry?,Puducherry
sk03808,Punjab,Art,Association,gold_text_in_stem,Punjabi Pidhis is associated to which region of Punjab?,Punjab
sk03809,Punjab,Art,Association,gold_text_in_stem,Where is the Gatka martial art famous within Punjab?,Punjab
sk03811,Punjab,Art,Association,gold_text_in_stem,Panja dhurrie is associated to which region of Punjab?,Punjab
sk03812,Punjab,Art,Association,gold_text_in_stem,Where is the Panja dhurrie famous within Punjab?,Punjab
sk03813,Punjab,Art,Association,gold_text_in_stem,Gatka martial art is associated to which region of Punjab?,Punjab
sk03814,Punjab,Art,Association,gold_text_in_stem,Where is the Punjabi Pidhis famous within Punjab?,Punjab
sk03816,Punjab,Art,Association,gold_state_name,Which of the given regions is home to the Punjabi Pidhis?,Punjab
sk03828,Punjab,Cuisine,Association,gold_text_in_stem,Where is the Amritsari Fish famous within Punjab?,Punjab
sk03829,Punjab,Cuisine,Association,gold_text_in_stem,Amritsari Fish is associated to which region of Punjab?,Punjab
sk03831,Punjab,Cuisine,Association,gold_text_in_stem,Where is the Panjiri  famous within Punjab?,Punjab
sk03832,Punjab,Cuisine,Association,gold_text_in_stem,Panjiri  is associated to which region of Punjab?,Punjab
sk03838,Punjab,Dance_and_Music,Association,gold_text_in_stem,Where is the Dhadi performers famous within Punjab?,Punjab
sk03840,Punjab,Dance_and_Music,Association,gold_text_in_stem,Tumbi instrument is associated to which region of Punjab?,Punjab
sk03843,Punjab,Dance_and_Music,Association,gold_text_in_stem,Luddi dance is associated to which region of Punjab?,Punjab
sk03844,Punjab,Dance_and_Music,Association,gold_text_in_stem,Dhadi performers is associated to which region of Punjab?,Punjab
sk03848,Punjab,Dance_and_Music,Association,gold_text_in_stem,Where is the Giddha folk dance famous within Punjab?,Punjab
sk03850,Punjab,Dance_and_Music,Association,gold_text_in_stem,Where is the Luddi dance famous within Punjab?,Punjab
sk03851,Punjab,Dance_and_Music,Association,gold_text_in_stem,Dhol  is associated to which region of Punjab?,Punjab
sk03852,Punjab,Dance_and_Music,Association,gold_text_in_stem,Boliyan folk songs is associated to which region of Punjab?,Punjab
sk03855,Punjab,Dance_and_Music,Association,gold_text_in_stem,Giddha folk dance is associated to which region of Punjab?,Punjab
sk03856,Punjab,Dance_and_Music,Association,gold_text_in_stem,Where is the Boliyan folk songs famous within Punjab?,Punjab
sk03859,Punjab,Dance_and_Music,Association,gold_text_in_stem,Where is the Tumbi instrument famous within Punjab?,Punjab
sk03860,Punjab,Dance_and_Music,Association,gold_text_in_stem,Where is the Dhol  famous within Punjab?,Punjab
sk03867,Punjab,History,Association,gold_text_in_stem,"Which of the given regions is home to the Qila Mubarak, Bathinda?",Bathinda
sk03868,Punjab,History,Association,gold_text_in_stem,Where is the Maharaja Ranjit Singh's Sikh Empire  famous within Punjab?,Punjab
sk03873,Punjab,History,Association,gold_text_in_stem,"Qila Mubarak, Bathinda is associated to which region of Punjab?",Bathinda
sk03877,Punjab,History,Association,gold_text_in_stem,Maharaja Ranjit Singh's Sikh Empire  is associated to which region of Punjab?,Punjab
sk03878,Punjab,History,Association,gold_text_in_stem,"Where is the Qila Mubarak, Bathinda famous within Punjab?",Bathinda
sk03879,Punjab,Language,Association,gold_text_in_stem,Where is the Qissa storytelling famous within Punjab?,Punjab
sk03880,Punjab,Language,Association,gold_state_name,Which of the given regions is home to the Punjabi proverbs?,Punjab
sk03881,Punjab,Language,Association,gold_text_in_stem,Where is the Punjabi proverbs famous within Punjab?,Punjab
sk03882,Punjab,Language,Association,gold_text_in_stem,Qissa storytelling is associated to which region of Punjab?,Punjab
sk03884,Punjab,Language,Association,gold_text_in_stem,Where is the Gurmukhi script famous within Punjab?,Punjab
sk03885,Punjab,Language,Association,gold_text_in_stem,Punjabi proverbs is associated to which region of Punjab?,Punjab
sk03887,Punjab,Language,Association,gold_text_in_stem,Gurmukhi script is associated to which region of Punjab?,Punjab
sk03892,Punjab,Personalities,Association,gold_text_in_stem,"Where is the Waris Shah's ""Heer"" famous within Punjab?",Punjab
sk03894,Punjab,Personalities,Association,gold_text_in_stem,Gian Singh Naqqash is associated to which region of Punjab?,Punjab
sk03895,Punjab,Personalities,Association,gold_text_in_stem,"Waris Shah's ""Heer"" is associated to which region of Punjab?",Punjab
sk03899,Punjab,Personalities,Association,gold_text_in_stem,Where is the Gian Singh Naqqash famous within Punjab?,Punjab
sk03900,Punjab,Sports,Association,gold_text_in_stem,Where is the Punjabi kabaddi famous within Punjab?,Punjab
sk03901,Punjab,Sports,Association,gold_state_name,Which of the given regions is home to the Punjabi kabaddi?,Punjab
sk03902,Punjab,Sports,Association,gold_text_in_stem,Punjabi kabaddi is associated to which region of Punjab?,Punjab
sk03916,Rajasthan,Art,Association,gold_text_in_stem,Blue Pottery is associated to which region of Rajasthan?,Rajasthan
sk03917,Rajasthan,Art,Association,gold_text_in_stem,Where is the Blue Pottery famous within Rajasthan?,Rajasthan
sk03919,Rajasthan,Costume,Association,gold_text_in_stem,Angarkha in rajasthan is associated to which region of Rajasthan?,Rajasthan
sk03920,Rajasthan,Costume,Association,gold_text_in_stem,Safa and Pagri in rajasthan is associated to which region of Rajasthan?,Rajasthan
sk03922,Rajasthan,Costume,Association,gold_text_in_stem,Where is the Ghagra Choli in rajasthan famous within Rajasthan?,Rajasthan
sk03923,Rajasthan,Costume,Association,gold_text_in_stem,Which of the given regions is home to the Angarkha in rajasthan?,Rajasthan
sk03924,Rajasthan,Costume,Association,gold_text_in_stem,Where is the Angarkha in rajasthan famous within Rajasthan?,Rajasthan
sk03925,Rajasthan,Costume,Association,gold_text_in_stem,Where is the Safa and Pagri in rajasthan famous within Rajasthan?,Rajasthan
sk03926,Rajasthan,Costume,Association,gold_text_in_stem,Ghagra Choli in rajasthan is associated to which region of Rajasthan?,Rajasthan
sk03928,Rajasthan,Costume,Association,gold_text_in_stem,Which of the given regions is home to the Ghagra Choli in rajasthan?,Rajasthan
sk03929,Rajasthan,Costume,Association,gold_text_in_stem,Which of the given regions is home to the Safa and Pagri in rajasthan?,Rajasthan
sk03930,Rajasthan,Cuisine,Association,gold_text_in_stem,Panchratna Dal is associated to which region of Rajasthan?,Rajasthan
sk03933,Rajasthan,Cuisine,Association,gold_text_in_stem,Where is the Panchratna Dal famous within Rajasthan?,Rajasthan
sk03939,Rajasthan,Cultural_Common_Sense,Association,gold_text_in_stem,Makrana Marble is associated to which region of Rajasthan?,Makrana
sk03942,Rajasthan,Cultural_Common_Sense,Association,gold_text_in_stem,Which of the given regions is home to the Makrana Marble?,Makrana
sk03943,Rajasthan,Cultural_Common_Sense,Association,gold_text_in_stem,Where is the Makrana Marble famous within Rajasthan?,Makrana
sk03953,Rajasthan,Dance_and_Music,Association,gold_text_in_stem,Where is the Terah Taali Dance famous within Rajasthan?,Rajasthan
sk03958,Rajasthan,Dance_and_Music,Association,gold_text_in_stem,Terah Taali Dance is associated to which region of Rajasthan?,Rajasthan
sk03963,Rajasthan,History,Association,gold_text_in_stem,Where is the Thar Desert famous within Rajasthan?,Rajasthan
sk03965,Rajasthan,History,Association,gold_text_in_stem,Jauhar is associated to which region of Rajasthan?,Rajasthan
sk03968,Rajasthan,History,Association,gold_text_in_stem,Thar Desert is associated to which region of Rajasthan?,Rajasthan
sk03969,Rajasthan,History,Association,gold_text_in_stem,Where is the Jauhar famous within Rajasthan?,Rajasthan
sk03976,Rajasthan,Tourism,Association,gold_text_in_stem,Which of the given regions is home to the Chittorgarh Fort?,Chittorgarh
sk03978,Rajasthan,Tourism,Association,gold_text_in_stem,Where is the Chittorgarh Fort famous within Rajasthan?,Chittorgarh
sk03979,Rajasthan,Tourism,Association,gold_text_in_stem,Chittorgarh Fort is associated to which region of Rajasthan?,Chittorgarh
sk03983,Sikkim,Art,Association,gold_text_in_stem,Where is the Sikkim Carpet Weaving Art famous within Sikkim?,Sikkim
sk03986,Sikkim,Art,Association,gold_text_in_stem,Where is the Choktse famous within Sikkim?,Sikkim
sk03987,Sikkim,Art,Association,gold_text_in_stem,Sikkim Cane and Bamboo craft is associated to which region of Sikkim?,Sikkim
sk04000,Sikkim,Art,Association,gold_text_in_stem,Where is the Sikkim Cane and Bamboo craft famous within Sikkim?,Sikkim
sk04001,Sikkim,Art,Association,gold_text_in_stem,Choktse is associated to which region of Sikkim?,Sikkim
sk04012,Sikkim,Art,Association,gold_text_in_stem,Which of the given regions is home to the Sikkim Carpet Weaving Art?,Sikkim
sk04013,Sikkim,Art,Association,gold_text_in_stem,Sikkim Carpet Weaving Art is associated to which region of Sikkim?,Sikkim
sk04015,Sikkim,Art,Association,gold_text_in_stem,Which of the given regions is home to the Sikkim Cane and Bamboo craft?,Sikkim
sk04017,Sikkim,Cuisine,Association,gold_text_in_stem,Where is the Sikkim cuisine famous within Sikkim?,Sikkim
sk04018,Sikkim,Cuisine,Association,gold_text_in_stem,Which of the given regions is home to the Sikkim cuisine?,Sikkim
sk04019,Sikkim,Cuisine,Association,gold_text_in_stem,Sikkim cuisine is associated to which region of Sikkim?,Sikkim
sk04025,Sikkim,Cultural_Common_Sense,Association,gold_text_in_stem,Which of the given regions is home to the Emblem of Sikkim?,Sikkim
sk04027,Sikkim,Cultural_Common_Sense,Association,gold_text_in_stem,Where is the Emblem of Sikkim famous within Sikkim?,Sikkim
sk04029,Sikkim,Cultural_Common_Sense,Association,gold_text_in_stem,Emblem of Sikkim is associated to which region of Sikkim?,Sikkim
sk04032,Sikkim,Dance_and_Music,Association,gold_text_in_stem,Which of the given regions is home to the Music of Sikkim?,Sikkim
sk04033,Sikkim,Dance_and_Music,Association,gold_text_in_stem,Music of Sikkim is associated to which region of Sikkim?,Sikkim
sk04034,Sikkim,Dance_and_Music,Association,gold_text_in_stem,Where is the Music of Sikkim famous within Sikkim?,Sikkim
sk04035,Sikkim,History,Association,gold_text_in_stem,Where is the Chogyal famous within Sikkim?,Sikkim
sk04038,Sikkim,History,Association,gold_text_in_stem,Bhutia is associated to which region of Sikkim?,Sikkim
sk04040,Sikkim,History,Association,gold_state_name,Which of the given regions is home to the Sikkimese people?,Sikkim
sk04041,Sikkim,History,Association,gold_text_in_stem,Where is the Bhutia famous within Sikkim?,Sikkim
sk04042,Sikkim,History,Association,gold_text_in_stem,Sikkimese people is associated to which region of Sikkim?,Sikkim
sk04045,Sikkim,History,Association,gold_text_in_stem,Where is the Sikkimese people famous within Sikkim?,Sikkim
sk04046,Sikkim,History,Association,gold_text_in_stem,Chogyal is associated to which region of Sikkim?,Sikkim
sk04049,Sikkim,Religion,Association,gold_text_in_stem,Which of the given regions is home to the Pemayangtse Monastery?,Pemayangtse
sk04051,Sikkim,Religion,Association,gold_text_in_stem,Where is the Pemayangtse Monastery famous within Sikkim?,Pemayangtse
sk04052,Sikkim,Religion,Association,gold_text_in_stem,Pemayangtse Monastery is associated to which region of Sikkim?,Pemayangtse
sk04064,Sikkim,Tourism,Association,gold_text_in_stem,Buddha Park of Ravangla is associated to which region of Sikkim?,Ravangla
sk04067,Sikkim,Tourism,Association,gold_text_in_stem,Which of the given regions is home to the Buddha Park of Ravangla?,Ravangla
sk04069,Sikkim,Tourism,Association,gold_text_in_stem,Which of the given regions is home to the Mahatma Gandhi Marg (Gangtok)?,Gangtok
sk04078,Sikkim,Tourism,Association,gold_text_in_stem,Where is the Mahatma Gandhi Marg (Gangtok) famous within Sikkim?,Gangtok
sk04112,Sikkim,Tourism,Association,gold_text_in_stem,Mahatma Gandhi Marg (Gangtok) is associated to which region of Sikkim?,Gangtok
sk04113,Sikkim,Tourism,Association,gold_text_in_stem,Where is the Buddha Park of Ravangla famous within Sikkim?,Ravangla
sk04131,Tamil_Nadu,Art,Association,gold_text_in_stem,Kolam designs is associated to which region of Tamil_Nadu?,Tamil_Nadu
sk04137,Tamil_Nadu,Art,Association,gold_text_in_stem,Tamil handloom motifs is associated to which region of Tamil_Nadu?,Tamil_Nadu
sk04138,Tamil_Nadu,Art,Association,gold_text_in_stem,Where is the Tamil handloom motifs famous within Tamil_Nadu?,Tamil_Nadu
sk04142,Tamil_Nadu,Art,Association,gold_text_in_stem,Where is the Kolam designs famous within Tamil_Nadu?,Tamil_Nadu
sk04144,Tamil_Nadu,Art,Association,gold_state_name,Which of the given regions is home to the Tamil handloom motifs?,Tamil_Nadu
sk04146,Tamil_Nadu,Costume,Association,gold_text_in_stem,Veshti is associated to which region of Tamil_Nadu?,Tamil_Nadu
sk04147,Tamil_Nadu,Costume,Association,gold_text_in_stem,Where is the Veshti famous within Tamil_Nadu?,Tamil_Nadu
sk04148,Tamil_Nadu,Costume,Association,gold_text_in_stem,Where is the Kanchipuram Silk Sarees famous within Tamil_Nadu?,Kanchipuram
sk04150,Tamil_Nadu,Costume,Association,gold_text_in_stem,Ottiyanam is associated to which region of Tamil_Nadu?,Tamil_Nadu
sk04151,Tamil_Nadu,Costume,Association,gold_text_in_stem,Thirubuvanam Silk Sarees is associated to which region of Tamil_Nadu?,Thirubuvanam
sk04153,Tamil_Nadu,Costume,Association,gold_text_in_stem,Which of the given regions is home to the Madurai Sungudi Sarees?,Madurai
sk04155,Tamil_Nadu,Costume,Association,gold_text_in_stem,Vanki is associated to which region of Tamil_Nadu?,Tamil_Nadu
sk04156,Tamil_Nadu,Costume,Association,gold_text_in_stem,Where is the Vanki famous within Tamil_Nadu?,Tamil_Nadu
sk04157,Tamil_Nadu,Costume,Association,gold_text_in_stem,Where is the Pavadai dhavani famous within Tamil_Nadu?,Tamil_Nadu
sk04158,Tamil_Nadu,Costume,Association,gold_text_in_stem,Where is the Madurai Sungudi Sarees famous within Tamil_Nadu?,Madurai
sk04159,Tamil_Nadu,Costume,Association,gold_text_in_stem,Which of the given regions is home to the Kanchipuram Silk Sarees?,Kanchipuram
sk04160,Tamil_Nadu,Costume,Association,gold_text_in_stem,Where is the angavastra famous within Tamil_Nadu?,Tamil_Nadu
sk04162,Tamil_Nadu,Costume,Association,gold_text_in_stem,Where is the Ottiyanam famous within Tamil_Nadu?,Tamil_Nadu
sk04163,Tamil_Nadu,Costume,Association,gold_text_in_stem,angavastra is associated to which region of Tamil_Nadu?,Tamil_Nadu
sk04166,Tamil_Nadu,Costume,Association,gold_text_in_stem,Kanchipuram Silk Sarees is associated to which region of Tamil_Nadu?,Kanchipuram
sk04167,Tamil_Nadu,Costume,Association,gold_text_in_stem,Madurai Sungudi Sarees is associated to which region of Tamil_Nadu?,Madurai
sk04169,Tamil_Nadu,Costume,Association,gold_text_in_stem,Where is the Thirubuvanam Silk Sarees famous within Tamil_Nadu?,Thirubuvanam
sk04170,Tamil_Nadu,Costume,Association,gold_text_in_stem,Pavadai dhavani is associated to which region of Tamil_Nadu?,Tamil_Nadu
sk04172,Tamil_Nadu,Costume,Association,gold_text_in_stem,Which of the given regions is home to the Thirubuvanam Silk Sarees?,Thirubuvanam
sk04173,Tamil_Nadu,Cuisine,Association,gold_text_in_stem,Payasam is associated to which region of Tamil_Nadu?,Tamil_Nadu
sk04175,Tamil_Nadu,Cuisine,Association,gold_text_in_stem,Pongal dish is associated to which region of Tamil_Nadu?,Tamil_Nadu
sk04177,Tamil_Nadu,Cuisine,Association,gold_state_name,Which of the given regions is home to the Tamil tempering?,Tamil_Nadu
sk04180,Tamil_Nadu,Cuisine,Association,gold_text_in_stem,Where is the Pongal dish famous within Tamil_Nadu?,Tamil_Nadu
sk04181,Tamil_Nadu,Cuisine,Association,gold_text_in_stem,Where is the Tamil tempering famous within Tamil_Nadu?,Tamil_Nadu
sk04182,Tamil_Nadu,Cuisine,Association,gold_text_in_stem,Rasam is associated to which region of Tamil_Nadu?,Tamil_Nadu
sk04183,Tamil_Nadu,Cuisine,Association,gold_text_in_stem,Where is the Rasam famous within Tamil_Nadu?,Tamil_Nadu
sk04186,Tamil_Nadu,Cuisine,Association,gold_text_in_stem,Idli  is associated to which region of Tamil_Nadu?,Tamil_Nadu
sk04187,Tamil_Nadu,Cuisine,Association,gold_text_in_stem,Tamil tempering is associated to which region of Tamil_Nadu?,Tamil_Nadu
sk04189,Tamil_Nadu,Cuisine,Association,gold_text_in_stem,Where is the Payasam famous within Tamil_Nadu?,Tamil_Nadu
sk04191,Tamil_Nadu,Cuisine,Association,gold_text_in_stem,Where is the Idli  famous within Tamil_Nadu?,Tamil_Nadu
sk04195,Tamil_Nadu,Cultural_Common_Sense,Association,gold_text_in_stem,Where is the Banana leaf  famous within Tamil_Nadu?,Tamil_Nadu
sk04198,Tamil_Nadu,Cultural_Common_Sense,Association,gold_text_in_stem,Banana leaf  is associated to which region of Tamil_Nadu?,Tamil_Nadu
sk04222,Tamil_Nadu,Festivals,Association,gold_text_in_stem,Where is the Karthigai Deepam famous within Tamil_Nadu?,Tamil_Nadu
sk04231,Tamil_Nadu,Festivals,Association,gold_text_in_stem,Pongal festival is associated to which region of Tamil_Nadu?,Tamil_Nadu
sk04234,Tamil_Nadu,Festivals,Association,gold_text_in_stem,Karthigai Deepam is associated to which region of Tamil_Nadu?,Tamil_Nadu
sk04238,Tamil_Nadu,Festivals,Association,gold_text_in_stem,Where is the Pongal festival famous within Tamil_Nadu?,Tamil_Nadu
sk04257,Tamil_Nadu,Language,Association,gold_text_in_stem,Where is the Tamil language famous within Tamil_Nadu?,Tamil_Nadu
sk04258,Tamil_Nadu,Language,Association,gold_text_in_stem,Tamil language is associated to which region of Tamil_Nadu?,Tamil_Nadu
sk04259,Tamil_Nadu,Language,Association,gold_state_name,Which of the given regions is home to the Tamil language?,Tamil_Nadu
sk04260,Tamil_Nadu,Language,Association,gold_text_in_stem,Tamil script is associated to which region of Tamil_Nadu?,Tamil_Nadu
sk04261,Tamil_Nadu,Language,Association,gold_state_name,Which of the given regions is home to the Tamil script?,Tamil_Nadu
sk04262,Tamil_Nadu,Language,Association,gold_text_in_stem,Where is the Tamil script famous within Tamil_Nadu?,Tamil_Nadu
sk04274,Tamil_Nadu,Religion,Association,gold_text_in_stem,Which of the given regions is home to the Mahabalipuram temples?,Mahabalipuram
sk04276,Tamil_Nadu,Religion,Association,gold_text_in_stem,Where is the Mahabalipuram temples famous within Tamil_Nadu?,Mahabalipuram
sk04280,Tamil_Nadu,Religion,Association,gold_text_in_stem,Mahabalipuram temples is associated to which region of Tamil_Nadu?,Mahabalipuram
sk04284,Tamil_Nadu,Rituals_and_Ceremonies,Association,gold_text_in_stem,Seemantham ceremony is associated to which region of Tamil_Nadu?,Tamil_Nadu
sk04285,Tamil_Nadu,Rituals_and_Ceremonies,Association,gold_text_in_stem,Vilakku Pooja is associated to which region of Tamil_Nadu?,Tamil_Nadu
sk04289,Tamil_Nadu,Rituals_and_Ceremonies,Association,gold_text_in_stem,Thaali ceremony is associated to which region of Tamil_Nadu?,Tamil_Nadu
sk04292,Tamil_Nadu,Rituals_and_Ceremonies,Association,gold_text_in_stem,Where is the Seemantham ceremony famous within Tamil_Nadu?,Tamil_Nadu
sk04293,Tamil_Nadu,Rituals_and_Ceremonies,Association,gold_text_in_stem,Where is the Thaali ceremony famous within Tamil_Nadu?,Tamil_Nadu
sk04297,Tamil_Nadu,Rituals_and_Ceremonies,Association,gold_text_in_stem,Where is the Vilakku Pooja famous within Tamil_Nadu?,Tamil_Nadu
sk04324,Telangana,Art,Association,gold_text_in_stem,Silver Filigree of Karimnagar is associated to which region of Telangana?,Karimnagar
sk04326,Telangana,Art,Association,gold_text_in_stem,Which of the given regions is home to the Silver Filigree of Karimnagar?,Karimnagar
sk04328,Telangana,Art,Association,gold_text_in_stem,Where is the Silver Filigree of Karimnagar famous within Telangana?,Karimnagar
sk04349,Telangana,Cuisine,Association,gold_text_in_stem,Where is the Telangana cuisine famous within Telangana?,Telangana
sk04350,Telangana,Cuisine,Association,gold_text_in_stem,Hyderabadi cuisine is associated to which region of Telangana?,Telangana
sk04351,Telangana,Cuisine,Association,gold_text_in_stem,Telangana cuisine is associated to which region of Telangana?,Telangana
sk04354,Telangana,Cuisine,Association,gold_text_in_stem,Where is the Hyderabadi cuisine famous within Telangana?,Telangana
sk04357,Telangana,Cuisine,Association,gold_text_in_stem,Which of the given regions is home to the Telangana cuisine?,Telangana
sk04361,Telangana,Cultural_Common_Sense,Association,gold_text_in_stem,Where is the Emblem of Telangana famous within Telangana?,Telangana
sk04362,Telangana,Cultural_Common_Sense,Association,gold_text_in_stem,"Which of the given regions is home to the Statue of B. R. Ambedkar, Hyderabad?",Hyderabad
sk04363,Telangana,Cultural_Common_Sense,Association,gold_text_in_stem,Where is the Chindu Bhagavatham famous within Telangana?,Telangana
sk04365,Telangana,Cultural_Common_Sense,Association,gold_text_in_stem,Chindu Bhagavatham is associated to which region of Telangana?,Telangana
sk04367,Telangana,Cultural_Common_Sense,Association,gold_text_in_stem,"Statue of B. R. Ambedkar, Hyderabad is associated to which region of Telangana?",Hyderabad
sk04375,Telangana,Cultural_Common_Sense,Association,gold_text_in_stem,"Where is the Statue of B. R. Ambedkar, Hyderabad famous within Telangana?",Hyderabad
sk04376,Telangana,Cultural_Common_Sense,Association,gold_text_in_stem,Emblem of Telangana is associated to which region of Telangana?,Telangana
sk04379,Telangana,Cultural_Common_Sense,Association,gold_text_in_stem,"Lal Bahadur Shastri Stadium, Hyderabad is associated to which region of Telangana?",Hyderabad
sk04384,Telangana,Cultural_Common_Sense,Association,gold_text_in_stem,Which of the given regions is home to the Emblem of Telangana?,Telangana
sk04401,Telangana,Cultural_Common_Sense,Association,gold_text_in_stem,"Where is the Lal Bahadur Shastri Stadium, Hyderabad famous within Telangana?",Hyderabad
sk04405,Telangana,Cultural_Common_Sense,Association,gold_text_in_stem,"Which of the given regions is home to the Lal Bahadur Shastri Stadium, Hyderabad?",Hyderabad
sk04407,Telangana,Cultural_Common_Sense,Association,gold_text_in_stem,Hyderabad FC is associated to which region of Telangana?,Hyderabad
sk04409,Telangana,Cultural_Common_Sense,Association,gold_text_in_stem,Where is the Hyderabad FC famous within Telangana?,Hyderabad
sk04410,Telangana,Cultural_Common_Sense,Association,gold_text_in_stem,Which of the given regions is home to the Hyderabad FC?,Hyderabad
sk04417,Telangana,Dance_and_Music,Association,gold_text_in_stem,Perini Sivatandavam is associated to which region of Telangana?,Telangana
sk04420,Telangana,Dance_and_Music,Association,gold_text_in_stem,Where is the Perini Sivatandavam famous within Telangana?,Telangana
sk04422,Telangana,Festivals,Association,gold_text_in_stem,Where is the Bonalu  famous within Telangana?,Telangana
sk04423,Telangana,Festivals,Association,gold_text_in_stem,Bonalu  is associated to which region of Telangana?,Telangana
sk04424,Telangana,Festivals,Association,gold_text_in_stem,Which of the given regions is home to the Kakatiya Festival in telangana?,Telangana
sk04426,Telangana,Festivals,Association,gold_text_in_stem,Sammakka Saralamma Jatara is associated to which region of Telangana?,Telangana
sk04427,Telangana,Festivals,Association,gold_text_in_stem,Where is the Sammakka Saralamma Jatara famous within Telangana?,Telangana
sk04428,Telangana,Festivals,Association,gold_text_in_stem,Where is the Bonalu famous within Telangana?,Telangana
sk04429,Telangana,Festivals,Association,gold_text_in_stem,Where is the Kakatiya Festival in telangana famous within Telangana?,Telangana
sk04432,Telangana,Festivals,Association,gold_text_in_stem,Kakatiya Festival in telangana is associated to which region of Telangana?,Telangana
sk04433,Telangana,Festivals,Association,gold_text_in_stem,Bonalu is associated to which region of Telangana?,Telangana
sk04439,Telangana,History,Association,gold_text_in_stem,"Bella Vista, Hyderabad is associated to which region of Telangana?",Hyderabad
sk04443,Telangana,History,Association,gold_text_in_stem,Bhongir Fort is associated to which region of Telangana?,Bhongir
sk04452,Telangana,History,Association,gold_text_in_stem,"Madina building, Hyderabad is associated to which region of Telangana?",Hyderabad
sk04458,Telangana,History,Association,gold_text_in_stem,Where is the Khammam Fort famous within Telangana?,Khammam
sk04459,Telangana,History,Association,gold_text_in_stem,Which of the given regions is home to the Bhongir Fort?,Bhongir
sk04468,Telangana,History,Association,gold_text_in_stem,Ramakrishnapuram Lake is associated to which region of Telangana?,Ramakrishnapuram
sk04475,Telangana,History,Association,gold_text_in_stem,Where is the Khairatabad Mosque famous within Telangana?,Khairatabad
sk04476,Telangana,History,Association,gold_text_in_stem,Which of the given regions is home to the Khammam Fort?,Khammam
sk04481,Telangana,History,Association,gold_text_in_stem,Which of the given regions is home to the Khairatabad Mosque?,Khairatabad
sk04484,Telangana,History,Association,gold_text_in_stem,"Where is the Madina building, Hyderabad famous within Telangana?",Hyderabad
sk04491,Telangana,History,Association,gold_text_in_stem,Khammam Fort is associated to which region of Telangana?,Khammam
sk04495,Telangana,History,Association,gold_text_in_stem,"Where is the Bella Vista, Hyderabad famous within Telangana?",Hyderabad
sk04500,Telangana,History,Association,gold_text_in_stem,Where is the Ramakrishnapuram Lake famous within Telangana?,Ramakrishnapuram
sk04508,Telangana,History,Association,gold_text_in_stem,Khairatabad Mosque is associated to which region of Telangana?,Khairatabad
sk04511,Telangana,History,Association,gold_text_in_stem,"Which of the given regions is home to the Bella Vista, Hyderabad?",Hyderabad
sk04523,Telangana,History,Association,gold_text_in_stem,Which of the given regions is home to the Ramakrishnapuram Lake?,Ramakrishnapuram
sk04524,Telangana,History,Association,gold_text_in_stem,Where is the Bhongir Fort famous within Telangana?,Bhongir
sk04528,Telangana,History,Association,gold_text_in_stem,"Which of the given regions is home to the Madina building, Hyderabad?",Hyderabad
sk04613,Telangana,Religion,Association,gold_text_in_stem,"Raja Rajeswara Temple, Vemulawada is associated to which region of Telangana?",Vemulawada
sk04615,Telangana,Religion,Association,gold_text_in_stem,"Which of the given regions is home to the Sri Lakshmi Narasimha Swamy Temple, Yadagirigutta?",Yadagirigutta
sk04616,Telangana,Religion,Association,gold_text_in_stem,"Sri Lakshmi Narasimha Swamy Temple, Yadagirigutta is associated to which region of Telangana?",Yadagirigutta
sk04617,Telangana,Religion,Association,gold_text_in_stem,"Sita Ramachandraswamy Temple, Bhadrachalam is associated to which region of Telangana?",Bhadrachalam
sk04618,Telangana,Religion,Association,gold_text_in_stem,"Which of the given regions is home to the Sita Ramachandraswamy Temple, Bhadrachalam?",Bhadrachalam
sk04620,Telangana,Religion,Association,gold_text_in_stem,"Birla Mandir, Hyderabad is associated to which region of Telangana?",Hyderabad
sk04623,Telangana,Religion,Association,gold_text_in_stem,"Where is the Sri Lakshmi Narasimha Swamy Temple, Yadagirigutta famous within Telangana?",Yadagirigutta
sk04624,Telangana,Religion,Association,gold_text_in_stem,"Where is the Sita Ramachandraswamy Temple, Bhadrachalam famous within Telangana?",Bhadrachalam
sk04628,Telangana,Religion,Association,gold_text_in_stem,"Where is the Birla Mandir, Hyderabad famous within Telangana?",Hyderabad
sk04632,Telangana,Religion,Association,gold_text_in_stem,"Which of the given regions is home to the Raja Rajeswara Temple, Vemulawada?",Vemulawada
sk04635,Telangana,Religion,Association,gold_text_in_stem,"Which of the given regions is home to the Birla Mandir, Hyderabad?",Hyderabad
sk04637,Telangana,Religion,Association,gold_text_in_stem,"Where is the Raja Rajeswara Temple, Vemulawada famous within Telangana?",Vemulawada
sk04647,Telangana,Tourism,Association,gold_text_in_stem,"Makkah Masjid, Hyderabad is associated to which region of Telangana?",Hyderabad
sk04649,Telangana,Tourism,Association,gold_text_in_stem,Which of the given regions is home to the Alampur Museum?,Alampur
sk04654,Telangana,Tourism,Association,gold_text_in_stem,Nallagandla Lake is associated to which region of Telangana?,Nallagandla
sk04656,Telangana,Tourism,Association,gold_text_in_stem,Where is the Eturnagaram Wildlife Sanctuary famous within Telangana?,Eturnagaram
sk04658,Telangana,Tourism,Association,gold_text_in_stem,Warangal Museum is associated to which region of Telangana?,Warangal
sk04664,Telangana,Tourism,Association,gold_text_in_stem,Eturnagaram Wildlife Sanctuary is associated to which region of Telangana?,Eturnagaram
sk04681,Telangana,Tourism,Association,gold_text_in_stem,Which of the given regions is home to the Warangal Museum?,Warangal
sk04692,Telangana,Tourism,Association,gold_text_in_stem,"Where is the Makkah Masjid, Hyderabad famous within Telangana?",Hyderabad
sk04700,Telangana,Tourism,Association,gold_text_in_stem,Where is the Warangal Museum famous within Telangana?,Warangal
sk04701,Telangana,Tourism,Association,gold_text_in_stem,Which of the given regions is home to the Nallagandla Lake?,Nallagandla
sk04705,Telangana,Tourism,Association,gold_text_in_stem,"Where is the Ananthagiri Hills, Vikarabad district famous within Telangana?",Vikarabad district
sk04708,Telangana,Tourism,Association,gold_text_in_stem,Where is the Ramanthapur Lake famous within Telangana?,Ramanthapur
sk04716,Telangana,Tourism,Association,gold_text_in_stem,Where is the Alampur Museum famous within Telangana?,Alampur
sk04717,Telangana,Tourism,Association,gold_text_in_stem,"Which of the given regions is home to the Makkah Masjid, Hyderabad?",Hyderabad
sk04719,Telangana,Tourism,Association,gold_text_in_stem,Ramanthapur Lake is associated to which region of Telangana?,Ramanthapur
sk04738,Telangana,Tourism,Association,gold_text_in_stem,Which of the given regions is home to the Ramanthapur Lake?,Ramanthapur
sk04743,Telangana,Tourism,Association,gold_text_in_stem,"Which of the given regions is home to the Ananthagiri Hills, Vikarabad district?",Vikarabad district
sk04747,Telangana,Tourism,Association,gold_text_in_stem,Which of the given regions is home to the Eturnagaram Wildlife Sanctuary?,Eturnagaram
sk04749,Telangana,Tourism,Association,gold_text_in_stem,"Ananthagiri Hills, Vikarabad district is associated to which region of Telangana?",Vikarabad district
sk04754,Telangana,Tourism,Association,gold_text_in_stem,Alampur Museum is associated to which region of Telangana?,Alampur
sk04762,Telangana,Tourism,Association,gold_text_in_stem,Where is the Nallagandla Lake famous within Telangana?,Nallagandla
sk04764,Tripura,Cuisine,Association,gold_text_in_stem,Kosoi Bwtwi  is associated to which region of Tripura?,Tripura
sk04766,Tripura,Cuisine,Association,gold_text_in_stem,Where is the Kosoi Bwtwi  famous within Tripura?,Tripura
sk04767,Tripura,Cuisine,Association,gold_text_in_stem,Where is the Wahan Mosdeng famous within Tripura?,Tripura
sk04768,Tripura,Cuisine,Association,gold_text_in_stem,Where is the Wak Bahan famous within Tripura?,Tripura
sk04769,Tripura,Cuisine,Association,gold_text_in_stem,Gudok is associated to which region of Tripura?,Tripura
sk04772,Tripura,Cuisine,Association,gold_text_in_stem,Wak Bahan is associated to which region of Tripura?,Tripura
sk04773,Tripura,Cuisine,Association,gold_text_in_stem,Where is the Gudok famous within Tripura?,Tripura
sk04775,Tripura,Cuisine,Association,gold_text_in_stem,Wahan Mosdeng is associated to which region of Tripura?,Tripura
sk04777,Tripura,Cultural_Common_Sense,Association,gold_text_in_stem,"Tripuri, Reang, and Garo communities is associated to which region of Tripura?",Tripura
sk04785,Tripura,Cultural_Common_Sense,Association,gold_text_in_stem,Where is the Emblem of Tripura famous within Tripura?,Tripura
sk04789,Tripura,Cultural_Common_Sense,Association,gold_text_in_stem,Emblem of Tripura is associated to which region of Tripura?,Tripura
sk04790,Tripura,Cultural_Common_Sense,Association,gold_text_in_stem,Which of the given regions is home to the Emblem of Tripura?,Tripura
sk04792,Tripura,Cultural_Common_Sense,Association,gold_text_in_stem,Where is the Shakhan famous within Tripura?,Tripura
sk04794,Tripura,Cultural_Common_Sense,Association,gold_text_in_stem,Shakhan is associated to which region of Tripura?,Tripura
sk04806,Tripura,Cultural_Common_Sense,Association,gold_text_in_stem,Ker puja is associated to which region of Tripura?,Tripura
sk04807,Tripura,Cultural_Common_Sense,Association,gold_text_in_stem,Where is the Ker puja famous within Tripura?,Tripura
sk04809,Tripura,Cultural_Common_Sense,Association,gold_text_in_stem,"Where is the Tripuri, Reang, and Garo communities famous within Tripura?",Tripura
sk04810,Tripura,Cultural_Common_Sense,Association,gold_state_name,"Which of the given regions is home to the Tripuri, Reang, and Garo communities?",Tripura
sk04812,Tripura,Dance_and_Music,Association,gold_text_in_stem,Which of the given regions is home to the Dances of Tripura?,Tripura
sk04813,Tripura,Dance_and_Music,Association,gold_text_in_stem,Dances of Tripura is associated to which region of Tripura?,Tripura
sk04814,Tripura,Dance_and_Music,Association,gold_text_in_stem,Where is the Dances of Tripura famous within Tripura?,Tripura
sk04815,Tripura,Festivals,Association,gold_text_in_stem,Which of the given regions is home to the Agartala Book Fair?,Agartala
sk04816,Tripura,Festivals,Association,gold_text_in_stem,Agartala Book Fair is associated to which region of Tripura?,Agartala
sk04817,Tripura,Festivals,Association,gold_text_in_stem,Where is the Agartala Book Fair famous within Tripura?,Agartala
sk04822,Tripura,History,Association,gold_text_in_stem,Where is the Manikya dynasty famous within Tripura?,Tripura
sk04824,Tripura,History,Association,gold_text_in_stem,Manikya dynasty is associated to which region of Tripura?,Tripura
sk04838,Tripura,Personalities,Association,gold_text_in_stem,Bir Bikram Kishore Manikya Bahadur is associated to which region of Tripura?,Tripura
sk04839,Tripura,Personalities,Association,gold_text_in_stem,Kanchan Prava Devi is associated to which region of Tripura?,Tripura
sk04840,Tripura,Personalities,Association,gold_text_in_stem,Where is the Kanchan Prava Devi famous within Tripura?,Tripura
sk04841,Tripura,Personalities,Association,gold_text_in_stem,Where is the Bir Bikram Kishore Manikya Bahadur famous within Tripura?,Tripura
sk04846,Tripura,Religion,Association,gold_text_in_stem,Where is the Garia puja famous within Tripura?,Tripura
sk04850,Tripura,Religion,Association,gold_text_in_stem,Garia puja is associated to which region of Tripura?,Tripura
sk04870,Tripura,Tourism,Association,gold_text_in_stem,Betlingchhip is associated to which region of Tripura?,Tripura
sk04872,Tripura,Tourism,Association,gold_text_in_stem,Where is the Betlingchhip famous within Tripura?,Tripura
sk04910,Uttar_Pradesh,Art,Association,gold_text_in_stem,Bhadohi carpet weaving art is associated to which region of Uttar_Pradesh?,Uttar_Pradesh
sk04917,Uttar_Pradesh,Art,Association,gold_text_in_stem,Where is the Bhadohi carpet weaving art famous within Uttar_Pradesh?,Uttar_Pradesh
sk04927,Uttar_Pradesh,Cuisine,Association,gold_text_in_stem,Purvanchal cuisine is associated to which region of Uttar_Pradesh?,Uttar_Pradesh
sk04932,Uttar_Pradesh,Cuisine,Association,gold_text_in_stem,Where is the Purvanchal cuisine famous within Uttar_Pradesh?,Uttar_Pradesh
sk04936,Uttar_Pradesh,Cultural_Common_Sense,Association,gold_text_in_stem,Varanasi Hindu Pilgrimage sites is associated to which region of Uttar_Pradesh?,Varanasi
sk04937,Uttar_Pradesh,Cultural_Common_Sense,Association,gold_text_in_stem,Which of the given regions is home to the Varanasi Hindu Pilgrimage sites?,Varanasi
sk04941,Uttar_Pradesh,Cultural_Common_Sense,Association,gold_text_in_stem,Where is the Varanasi Hindu Pilgrimage sites famous within Uttar_Pradesh?,Varanasi
sk04946,Uttar_Pradesh,Dance_and_Music,Association,gold_text_in_stem,Where is the Bumb (Drum) famous within Uttar_Pradesh?,Uttar_Pradesh
sk04947,Uttar_Pradesh,Dance_and_Music,Association,gold_text_in_stem,Where is the Nautanki famous within Uttar_Pradesh?,Uttar_Pradesh
sk04957,Uttar_Pradesh,Dance_and_Music,Association,gold_text_in_stem,Bumb (Drum) is associated to which region of Uttar_Pradesh?,Uttar_Pradesh
sk04961,Uttar_Pradesh,Dance_and_Music,Association,gold_text_in_stem,Nautanki is associated to which region of Uttar_Pradesh?,Uttar_Pradesh
sk04965,Uttar_Pradesh,Festivals,Association,gold_text_in_stem,Which of the given regions is home to the Prayagraj Kumbh Mela?,Prayagraj
sk04970,Uttar_Pradesh,Festivals,Association,gold_text_in_stem,Jhoola is associated to which region of Uttar_Pradesh?,Uttar_Pradesh
sk04973,Uttar_Pradesh,Festivals,Association,gold_text_in_stem,Where is the Prayagraj Kumbh Mela famous within Uttar_Pradesh?,Prayagraj
sk04976,Uttar_Pradesh,Festivals,Association,gold_text_in_stem,Prayagraj Kumbh Mela is associated to which region of Uttar_Pradesh?,Prayagraj
sk04982,Uttar_Pradesh,Festivals,Association,gold_text_in_stem,Where is the Jhoola famous within Uttar_Pradesh?,Uttar_Pradesh
sk04986,Uttar_Pradesh,History,Association,gold_text_in_stem,Where is the Agra Fort famous within Uttar_Pradesh?,Agra
sk04987,Uttar_Pradesh,History,Association,gold_text_in_stem,Which of the given regions is home to the Agra Fort?,Agra
sk04988,Uttar_Pradesh,History,Association,gold_text_in_stem,Which of the given regions is home to the Lucknow Residency?,Lucknow
sk04991,Uttar_Pradesh,History,Association,gold_text_in_stem,Agra Fort is associated to which region of Uttar_Pradesh?,Agra
sk04993,Uttar_Pradesh,History,Association,gold_text_in_stem,Where is the Lucknow Residency famous within Uttar_Pradesh?,Lucknow
sk04995,Uttar_Pradesh,History,Association,gold_text_in_stem,Lucknow Residency is associated to which region of Uttar_Pradesh?,Lucknow
sk05032,Uttarakhand,Cuisine,Association,gold_text_in_stem,Where is the Uttarakhand cuisine famous within Uttarakhand?,Uttarakhand
sk05042,Uttarakhand,Cuisine,Association,gold_text_in_stem,"Where is the Arsha, Rotan, and Gughuti famous within Uttarakhand?",Uttarakhand
sk05050,Uttarakhand,Cuisine,Association,gold_text_in_stem,Uttarakhand cuisine is associated to which region of Uttarakhand?,Uttarakhand
sk05054,Uttarakhand,Cuisine,Association,gold_text_in_stem,Which of the given regions is home to the Uttarakhand cuisine?,Uttarakhand
sk05066,Uttarakhand,Cuisine,Association,gold_text_in_stem,"Arsha, Rotan, and Gughuti is associated to which region of Uttarakhand?",Uttarakhand
sk05125,Uttarakhand,Festivals,Association,gold_text_in_stem,Where is the Ghee Sankrant famous within Uttarakhand?,Uttarakhand
sk05144,Uttarakhand,Festivals,Association,gold_text_in_stem,Ghee Sankrant is associated to which region of Uttarakhand?,Uttarakhand
sk05146,Uttarakhand,Festivals,Association,gold_state_name,"The ritual of the Khatarwa festival, primarily celebrated by the Kumaoni community, involves unique traditional customs and folk dances in this state.",Uttarakhand
sk05185,Uttarakhand,History,Association,gold_text_in_stem,"Which region in Uttarakhand is known for its historical significance, with legendary places where great sages like Vashistha are believed to have lived and scripted monumental texts that influenced philosophies and ethics?",Uttarakhand
sk05194,Uttarakhand,Language,Association,gold_state_name,Housewarming ceremonies in this state often feature rituals accompanied by folk songs in the local dialect of Garhwali.,Uttarakhand
sk05195,Uttarakhand,Language,Association,gold_state_name,The preservation of the Kumaoni dialect showcases its value during various traditional arts and crafts fairs in this state.,Uttarakhand
sk05196,Uttarakhand,Language,Association,gold_state_name,"The celebration of the local harvest festival includes performances in both Kumaoni and Garhwali, highlighting agricultural traditions.",Uttarakhand
sk05197,Uttarakhand,Language,Association,gold_state_name,"In this state's cultural expression, Garhwali music and dance play an essential role, especially during local festivals.",Uttarakhand
sk05199,Uttarakhand,Language,Association,gold_state_name,The use of Garhwali in local government meetings is a significant aspect of cultural identity in this hilly region.,Uttarakhand
sk05201,Uttarakhand,Language,Association,gold_state_name,The state known for its rich biodiversity also showcases Garhwali and Kumaoni languages in its cultural festivals.,Uttarakhand
sk05210,Uttarakhand,Language,Association,gold_state_name,"The community cooking events, known locally for their festive spirit, often involve singing in Kumaoni and Garhwali dialects.",Uttarakhand
sk05211,Uttarakhand,Language,Association,gold_state_name,Language preservation initiatives in this state focus on ensuring the continuance of Garhwali and Kumaoni in digital media.,Uttarakhand
sk05213,Uttarakhand,Language,Association,gold_text_in_stem,Sanskrit is associated to which region of Uttarakhand?,Uttarakhand
sk05219,Uttarakhand,Language,Association,gold_state_name,"In this state, cultural preservation efforts emphasize the documentation of the Garhwali language and folklore.",Uttarakhand
sk05220,Uttarakhand,Language,Association,gold_text_in_stem,Where is the Sanskrit famous within Uttarakhand?,Uttarakhand
sk05221,Uttarakhand,Language,Association,gold_state_name,Traditional crafts and arts in this area are often accompanied by songs in the Kumaoni dialect during exhibitions.,Uttarakhand
sk05225,Uttarakhand,Language,Association,gold_state_name,Traditional marriage ceremonies in this state often include local chants performed in Kumaoni to bless the union.,Uttarakhand
sk05227,Uttarakhand,Language,Association,gold_state_name,"The elders in this state's villages often share wisdom through stories told in Garhwali, helping to bridge generations.",Uttarakhand
sk05228,Uttarakhand,Language,Association,gold_state_name,The folk songs primarily sung in the Kumaoni dialect reflect the agricultural lifestyle of its people in the hilly terrain.,Uttarakhand
sk05240,Uttarakhand,Rituals_and_Ceremonies,Association,gold_text_in_stem,The Uttarakhand region is home to several ancient rituals linked to the worship of nature and local deities.,Uttarakhand
sk05273,Uttarakhand,Tourism,Association,gold_state_name,"Popular for its traditional Garhwali culture, this state offers unique folk music and dance experiences to tourists.",Uttarakhand
sk05308,West_Bengal,Art,Association,gold_text_in_stem,Alpana floor art is associated to which region of West_Bengal?,West_Bengal
sk05315,West_Bengal,Art,Association,gold_text_in_stem,Where is the Alpana floor art famous within West_Bengal?,West_Bengal
sk05320,West_Bengal,Costume,Association,gold_text_in_stem,Alta is associated to which region of West_Bengal?,West_Bengal
sk05336,West_Bengal,Costume,Association,gold_text_in_stem,Where is the Alta famous within West_Bengal?,West_Bengal
sk05344,West_Bengal,Cuisine,Association,gold_text_in_stem,Panch Phoron is associated to which region of West_Bengal?,West_Bengal
sk05346,West_Bengal,Cuisine,Association,gold_text_in_stem,Where is the Chingri Malai Curry famous within West_Bengal?,West_Bengal
sk05348,West_Bengal,Cuisine,Association,gold_text_in_stem,Where is the Panch Phoron famous within West_Bengal?,West_Bengal
sk05350,West_Bengal,Cuisine,Association,gold_text_in_stem,Bhapa Ilish is associated to which region of West_Bengal?,West_Bengal
sk05351,West_Bengal,Cuisine,Association,gold_text_in_stem,Where is the Bhapa Ilish famous within West_Bengal?,West_Bengal
sk05353,West_Bengal,Cuisine,Association,gold_text_in_stem,Panta Bhat is associated to which region of West_Bengal?,West_Bengal
sk05357,West_Bengal,Cuisine,Association,gold_text_in_stem,Chingri Malai Curry is associated to which region of West_Bengal?,West_Bengal
sk05361,West_Bengal,Cuisine,Association,gold_text_in_stem,Where is the Panta Bhat famous within West_Bengal?,West_Bengal
sk05362,West_Bengal,Cultural_Common_Sense,Association,gold_state_name,"Where do people celebrate Poila Baisakh (Bengali New Year) with Hallishree rituals, panta bhat meals, and cultural performances?",West Bengal
sk05381,West_Bengal,Dance_and_Music,Association,gold_text_in_stem,Nabanna is associated to which region of West_Bengal?,West_Bengal
sk05384,West_Bengal,Dance_and_Music,Association,gold_text_in_stem,Where is the Gaudiya Nritya famous within West_Bengal?,West_Bengal
sk05386,West_Bengal,Dance_and_Music,Association,gold_text_in_stem,Where is the Nabanna famous within West_Bengal?,West_Bengal
sk05391,West_Bengal,Dance_and_Music,Association,gold_text_in_stem,Gaudiya Nritya is associated to which region of West_Bengal?,West_Bengal
sk05415,West_Bengal,History,Association,gold_state_name,"Which region experienced the Bengal Renaissance, a 19th-century cultural awakening that produced pioneering literature, art, and social reform movements?",West Bengal
sk05426,West_Bengal,Rituals_and_Ceremonies,Association,gold_text_in_stem,Dodhi Mangal  is associated to which region of West_Bengal?,West_Bengal
sk05430,West_Bengal,Rituals_and_Ceremonies,Association,gold_text_in_stem,Bou Bhat ceremony is associated to which region of West_Bengal?,West_Bengal
sk05431,West_Bengal,Rituals_and_Ceremonies,Association,gold_text_in_stem,Where is the Bou Bhat ceremony famous within West_Bengal?,West_Bengal
sk05439,West_Bengal,Rituals_and_Ceremonies,Association,gold_text_in_stem,Aiburo Bhaat is associated to which region of West_Bengal?,West_Bengal
sk05442,West_Bengal,Rituals_and_Ceremonies,Association,gold_text_in_stem,Where is the Aiburo Bhaat famous within West_Bengal?,West_Bengal
sk05443,West_Bengal,Rituals_and_Ceremonies,Association,gold_text_in_stem,Where is the Dodhi Mangal  famous within West_Bengal?,West_Bengal
sk05445,West_Bengal,Tourism,Association,gold_text_in_stem,Where is the Terracotta temples of Bishnupur famous within West_Bengal?,Bishnupur
sk05447,West_Bengal,Tourism,Association,gold_text_in_stem,Which of the given regions is home to the Terracotta temples of Bishnupur?,Bishnupur
sk05450,West_Bengal,Tourism,Association,gold_text_in_stem,Sundarban mangrove forest is associated to which region of West_Bengal?,West_Bengal
sk05452,West_Bengal,Tourism,Association,gold_text_in_stem,Terracotta temples of Bishnupur is associated to which region of West_Bengal?,Bishnupur
sk05453,West_Bengal,Tourism,Association,gold_text_in_stem,Where is the Sundarban mangrove forest famous within West_Bengal?,West_Bengal
sk06513,Delhi,Cultural_Common_Sense,Country Prediction,gold_text_in_stem,The India Fashion Week is associated to which country?,India
sk06519,Delhi,Cultural_Common_Sense,Country Prediction,gold_text_in_stem,Which country is the home to India Fashion Week?,India
sk06523,Delhi,Cultural_Common_Sense,Country Prediction,gold_text_in_stem,Which country is famous for the India Fashion Week?,India
sk06574,Delhi,History,Country Prediction,gold_country_name,Which country is famous for the Indian Rebellion?,India
sk06582,Delhi,History,Country Prediction,gold_text_in_stem,The Dental Council of India is associated to which country?,India
sk06590,Delhi,History,Country Prediction,gold_country_name,The Indian Rebellion is associated to which country?,India
sk06593,Delhi,History,Country Prediction,gold_text_in_stem,Which country is famous for the Dental Council of India?,India
sk06600,Delhi,History,Country Prediction,gold_country_name,Which country is the home to Indian Rebellion?,India
sk06604,Delhi,History,Country Prediction,gold_text_in_stem,Which country is the home to Dental Council of India?,India
sk06687,Delhi,Tourism,Country Prediction,gold_country_name,The Indian Council of Medical Research (ICMR) is associated to which country?,India
sk06736,Delhi,Tourism,Country Prediction,gold_text_in_stem,Which country is the home to India Gate?,India
sk06744,Delhi,Tourism,Country Prediction,gold_country_name,Which country is the home to Indian Council of Medical Research (ICMR)?,India
sk06753,Delhi,Tourism,Country Prediction,gold_text_in_stem,Which country is famous for the India Gate?,India
sk06764,Delhi,Tourism,Country Prediction,gold_country_name,Which country is famous for the Indian Council of Medical Research (ICMR)?,India
sk06766,Delhi,Tourism,Country Prediction,gold_text_in_stem,The India Gate is associated to which country?,India
sk06829,Goa,History,Country Prediction,gold_country_name,Which country is home to the cultural blend of Portuguese and Indian influences found in Goa?,India
sk06888,Gujarat,Costume,Country Prediction,gold_country_name,"The Battle of Diu (1509), fought between the Portuguese and Indian rulers, took place in which country?",India
sk06890,Gujarat,Costume,Country Prediction,gold_text_in_stem,"The Kavi-Kamboi Seaplane Service, one of the first of its kind in India, operates in which country?",India
sk06892,Gujarat,Costume,Country Prediction,gold_text_in_stem,"Sardar Vallabhbhai Patel, also known as the ""Iron Man of India,"" was born in which country?",India
sk06946,Gujarat,Dance_and_Music,Country Prediction,gold_text_in_stem,"Sardar Vallabhbhai Patel, the Iron Man of India, was born in which country?",India
sk07024,Gujarat,Language,Country Prediction,gold_text_in_stem,The folk dance known as 'Dandiya Raas' is predominantly performed during which festival in India?,India
sk07025,Gujarat,Language,Country Prediction,gold_country_name,The cultural flavor of this Indian state often includes the use of saffron and coriander in its cuisine.,India
sk07034,Gujarat,Language,Country Prediction,gold_country_name,"The legacy of Mahatma Gandhi, a prominent leader in the Indian independence movement, is deeply associated with which country?",India
sk07035,Gujarat,Language,Country Prediction,gold_country_name,"Which Indian state celebrates the festival of Navratri, a nine-night festival honoring the goddess Durga, with elaborate dance performances?",India
sk07046,Gujarat,Language,Country Prediction,gold_country_name,The traditional art form of Bandhnis and Patola sarees is native to which Indian state?,India
sk07048,Gujarat,Language,Country Prediction,gold_text_in_stem,"This state in India is famous for its vibrant Garba dance, especially during the festival of Navratri.",India
sk07050,Gujarat,Language,Country Prediction,gold_country_name,"Which Indian state is home to the famous Rani Ki Vav stepwell, a UNESCO World Heritage Site?",India
sk07053,Gujarat,Language,Country Prediction,gold_country_name,"Which Indian state has the Somnath temple, known for its historical significance and architectural beauty?",India
sk07083,Gujarat,Tourism,Country Prediction,gold_text_in_stem,"The Sanjan Day Festival, celebrated by the Parsi community to mark their arrival in India, is observed in which country?",India
sk08294,Madhya_Pradesh,Art,Country Prediction,gold_text_in_stem,"The ""Nimadi Language,"" spoken in central India, belongs to which country?",India
sk08302,Madhya_Pradesh,Costume,Country Prediction,gold_text_in_stem,"The ""Malwi Language,"" spoken in central India, belongs to which country?",India
sk08311,Madhya_Pradesh,Costume,Country Prediction,gold_text_in_stem,"The ""Gwalior Fort,"" often called the ""Gibraltar of India,"" is situated in which country?",India
sk08320,Madhya_Pradesh,Costume,Country Prediction,gold_text_in_stem,"The ""Gond Painting,"" a tribal art style using dots and patterns, originates from which country?
A) India",India
sk08329,Madhya_Pradesh,Costume,Country Prediction,gold_country_name,"The ""Dr. Bhimrao Ambedkar Memorial,"" dedicated to the leader of the Indian Constitution, is in which country?",India
sk08365,Madhya_Pradesh,Cultural_Common_Sense,Country Prediction,gold_text_in_stem,"The Malwi dialect, spoken in central India, belongs to which country?",India
sk08372,Madhya_Pradesh,Cultural_Common_Sense,Country Prediction,gold_text_in_stem,"The ""Gwalior Trade Fair,"" one of the oldest fairs in central India, is held in which country?",India
sk08443,Madhya_Pradesh,Festivals,Country Prediction,gold_text_in_stem,"The ""Malwa Express,"" a historic train connecting central India, runs in which country?",India
sk08517,Madhya_Pradesh,Language,Country Prediction,gold_country_name,"The ""Malkhamb,"" a traditional Indian gymnastics sport, is popular in which country?",India
sk08668,Maharashtra,Tourism,Country Prediction,gold_text_in_stem,Which country is famous for the Gateway of India?,India
sk08672,Maharashtra,Tourism,Country Prediction,gold_text_in_stem,The Gateway of India is associated to which country?,India
sk08673,Maharashtra,Tourism,Country Prediction,gold_text_in_stem,Which country is the home to Gateway of India?,India
sk09029,Odisha,Art,Country Prediction,gold_text_in_stem,"This area is renowned for its classical dance form, Odissi, considered one of the oldest surviving dance forms in India.",India
sk09046,Odisha,Cuisine,Country Prediction,gold_country_name,"Rasmalai, a popular sweet dish, is part of the culinary traditions in this Indian state, recognized for its dairy-based desserts.",India
sk09176,Odisha,Language,Country Prediction,gold_text_in_stem,"The Odia language, one of the six classical languages of India, is primarily spoken in which country?",India
sk09179,Odisha,Language,Country Prediction,gold_text_in_stem,The Manda language (India) is associated to which country?,India
sk09180,Odisha,Language,Country Prediction,gold_text_in_stem,"The Odia language, recognized as a classical language by the Government of India for its literary heritage, belongs to which country?",India
sk09185,Odisha,Language,Country Prediction,gold_text_in_stem,Which country is the home to Manda language (India)?,India
sk09188,Odisha,Language,Country Prediction,gold_text_in_stem,Which country is famous for the Manda language (India)?,India
sk09305,Puducherry,History,Country Prediction,gold_text_in_stem,Which country is famous for the French India?,India
sk09308,Puducherry,History,Country Prediction,gold_text_in_stem,The French India is associated to which country?,India
sk09318,Puducherry,History,Country Prediction,gold_text_in_stem,Which country is the home to French India?,India
sk09391,Punjab,Cultural_Common_Sense,Country Prediction,gold_text_in_stem,The Granary of India is associated to which country?,India
sk09392,Punjab,Cultural_Common_Sense,Country Prediction,gold_text_in_stem,Which country is famous for the Granary of India?,India
sk09393,Punjab,Cultural_Common_Sense,Country Prediction,gold_text_in_stem,Which country is the home to Granary of India?,India
sk09534,Rajasthan,Cuisine,Country Prediction,gold_text_in_stem,"The Bhangarh Fort, known as the most haunted place in India, is located in which country?",India
sk09557,Rajasthan,Cultural_Common_Sense,Country Prediction,gold_text_in_stem,"Sambhar Lake, India's largest inland saltwater lake, is situated in which country?",India
sk09605,Rajasthan,Dance_and_Music,Country Prediction,gold_text_in_stem,"The Sambhar Salt Lake, India's largest inland salt lake, is located in which country?",India
sk09640,Rajasthan,History,Country Prediction,gold_text_in_stem,"The Chittorgarh Fort, the largest fort in India and a UNESCO World Heritage Site, is situated in which country?",India
sk09760,Sikkim,History,Country Prediction,gold_text_in_stem,Which country is the home to Preserving India's Rich Heritage?,India
sk09761,Sikkim,History,Country Prediction,gold_text_in_stem,Which country is famous for the Preserving India's Rich Heritage?,India
sk09766,Sikkim,History,Country Prediction,gold_text_in_stem,The Preserving India's Rich Heritage is associated to which country?,India
sk10172,Telangana,History,Country Prediction,gold_text_in_stem,The Diocese of Dornakal of the Church of South India is associated to which country?,India
sk10219,Telangana,History,Country Prediction,gold_text_in_stem,Which country is famous for the Diocese of Dornakal of the Church of South India?,India
sk10248,Telangana,History,Country Prediction,gold_text_in_stem,Which country is the home to Diocese of Dornakal of the Church of South India?,India
sk11154,Andaman_and_Nicobar,Tourism,General Awareness,gold_text_in_stem,"Which one belongs to Nicobari pig-farming customs, Andaman_and_Nicobar?",Nicobari pig-farming customs
sk11157,Andaman_and_Nicobar,Tourism,General Awareness,gold_text_in_stem,"According to you, which of the following is closely associated to Nicobari pig-farming customs of Andaman_and_Nicobar?",Nicobari pig-farming customs
sk11250,Andhra_Pradesh,Costume,General Awareness,gold_text_in_stem,Which Nellore-region fabric combines cotton and silk to create Uppada pattu sarees with jamdani weaving?,Uppada
sk11276,Andhra_Pradesh,Costume,General Awareness,gold_text_in_stem,What Mangalagiri fabric uses natural dyes and Nizam designs for temple offerings in Guntur district?,Mangalagiri
sk11284,Andhra_Pradesh,Costume,General Awareness,gold_text_in_stem,"The Spanish are known for their traditional costume known as the trajes de flamenca, worn during festivals and dance performances.",Spanish
sk11386,Andhra_Pradesh,Dance_and_Music,General Awareness,gold_text_in_stem,Which folk dance from AP's Godavari districts involves the use of a tambourine-like drum called dappu?,Dappu
sk12295,Dadra_and_Nagar_Haveli_and_Daman_and_Diu,Tourism,General Awareness,gold_text_in_stem,"According to you, which of the following is closely associated to Silvassa of Dadra_and_Nagar_Haveli_and_Daman_and_Diu?",Silvassa
sk12316,Dadra_and_Nagar_Haveli_and_Daman_and_Diu,Tourism,General Awareness,gold_text_in_stem,"Which one belongs to Silvassa, Dadra_and_Nagar_Haveli_and_Daman_and_Diu?",Silvassa
sk12388,Delhi,Cultural_Common_Sense,General Awareness,gold_text_in_stem,"Which one belongs to Chandni Chowk, Delhi?",Chandni Chowk
sk12396,Delhi,Cultural_Common_Sense,General Awareness,gold_text_in_stem,"According to you, which of the following is closely associated to Chandni Chowk of Delhi?",Chandni Chowk
sk12886,Haryana,History,General Awareness,gold_text_in_stem,"Which one belongs to Kurukshetra district, Haryana?",Kurukshetra
sk12920,Haryana,History,General Awareness,gold_text_in_stem,"According to you, which of the following is closely associated to Kurukshetra district of Haryana?",Kurukshetra
sk13301,Himachal_Pradesh,Tourism,General Awareness,gold_text_in_stem,The cultural festival 'Kullu Dussehra' is celebrated primarily in which district of Himachal Pradesh?,Kullu
sk13368,Jammu_kashmir,History,General Awareness,gold_text_in_stem,This region underwent a major political transformation as part of the division of British India in 1947.,India
sk13953,Kerala,Festivals,General Awareness,gold_text_in_stem,"The ""Vishu Kani"" is an important aspect of which Keralite festival?",Vishu
sk13990,Kerala,Tourism,General Awareness,gold_text_in_stem,"Which one belongs to Wayanad district, Kerala?",Wayanad
sk13997,Kerala,Tourism,General Awareness,gold_text_in_stem,"According to you, which of the following is closely associated to Wayanad district of Kerala?",Wayanad
sk14110,Lakshadweep,Tourism,General Awareness,gold_text_in_stem,"Which one belongs to Minicoy, Lakshadweep?",Minicoy
sk14111,Lakshadweep,Tourism,General Awareness,gold_text_in_stem,"According to you, which of the following is closely associated to Minicoy of Lakshadweep?",Minicoy
sk14114,Lakshadweep,Tourism,General Awareness,gold_text_in_stem,"Which one belongs to Kavaratti, Lakshadweep?",Kavaratti
sk14118,Lakshadweep,Tourism,General Awareness,gold_text_in_stem,"According to you, which of the following is closely associated to Kavaratti of Lakshadweep?",Kavaratti
sk14230,Maharashtra,History,General Awareness,gold_text_in_stem,"In which city would you find the iconic Gateway of India, a significant symbol of Mumbai?",Mumbai
sk14272,Manipur,Art,General Awareness,gold_text_in_stem,What is a key raw material used for craft in Manipur's bamboo industry?,Bamboo
sk14391,Manipur,Tourism,General Awareness,gold_text_in_stem,Which temple in Manipur is known as the Sree Shree Govindaji Temple?,Sree Shree Govindaji Temple
sk14406,Manipur,Tourism,General Awareness,gold_text_in_stem,Which famous market is also known as Ima Kithel in Manipur?,Ima Kithel
sk14455,Meghalaya,Dance_and_Music,General Awareness,gold_text_in_stem,"Which musical instrument, often made from cane or bamboo in Meghalaya, is referred to as a Cup Violin?",Cup Violin
sk14456,Meghalaya,Dance_and_Music,General Awareness,gold_text_in_stem,Which group dance in Meghalaya is referred to by the term Chroka?,Chroka
sk14491,Meghalaya,Language,General Awareness,gold_text_in_stem,Which language belongs to the Garo community in Meghalaya?,Garo
sk14521,Mizoram,Cultural_Common_Sense,General Awareness,gold_text_in_stem,"Which one belongs to Champhai district, Mizoram?",Champhai
sk14523,Mizoram,Cultural_Common_Sense,General Awareness,gold_text_in_stem,"According to you, which of the following is closely associated to Champhai district of Mizoram?",Champhai
sk14657,Nagaland,Dance_and_Music,General Awareness,gold_text_in_stem,"Which short stringed tool, known as Tati, often plays alongside drums and flutes in Nagaland?",Tati
sk14658,Nagaland,Dance_and_Music,General Awareness,gold_text_in_stem,"Which essential drum, referred to as Asem, underpins the beat in Naga festivals?",Asem
sk14680,Nagaland,Festivals,General Awareness,gold_text_in_stem,"The Hornbill festival is named after which bird, significant to the culture of Nagaland?",Hornbill
sk14688,Nagaland,Festivals,General Awareness,gold_text_in_stem,"Which bird, chosen as NagalandÃ¢â¬â¢s state bird, inspired the name of the famous Hornbill festival?",Hornbill
sk14691,Nagaland,Festivals,General Awareness,gold_text_in_stem,Which major festival in Nagaland is named after the state bird Hornbill?,Hornbill
sk14732,Nagaland,Tourism,General Awareness,gold_text_in_stem,"According to you, which of the following is closely associated to Mokokchung district of Nagaland?",Mokokchung
sk14740,Nagaland,Tourism,General Awareness,gold_text_in_stem,"According to you, which of the following is closely associated to Mon district of Nagaland?",Mon
sk14750,Nagaland,Tourism,General Awareness,gold_text_in_stem,"Which one belongs to Mon district, Nagaland?",Mon
sk14752,Nagaland,Tourism,General Awareness,gold_text_in_stem,"Which one belongs to Mokokchung district, Nagaland?",Mokokchung
sk14832,Puducherry,Cultural_Common_Sense,General Awareness,gold_text_in_stem,"Which one belongs to Auroshikha Agarbathies, Auroville, Puducherry?",Auroshikha
sk14838,Puducherry,Cultural_Common_Sense,General Awareness,gold_text_in_stem,"According to you, which of the following is closely associated to Auroshikha Agarbathies, Auroville of Puducherry?",Auroshikha
sk14853,Puducherry,History,General Awareness,gold_text_in_stem,"Which one belongs to Arikamedu, Ariyankuppam, Puducherry?",Arikamedu
sk14854,Puducherry,History,General Awareness,gold_text_in_stem,"According to you, which of the following is closely associated to Arikamedu, Ariyankuppam of Puducherry?",Arikamedu
sk14883,Puducherry,Tourism,General Awareness,gold_text_in_stem,"Which one belongs to Serenity Beach, Kottakuppam, Puducherry?",Serenity Beach
sk14888,Puducherry,Tourism,General Awareness,gold_text_in_stem,"According to you, which of the following is closely associated to Serenity Beach, Kottakuppam of Puducherry?",Serenity Beach
sk15088,Sikkim,Costume,General Awareness,gold_text_in_stem,Which belt known as Nyamrek do Lepcha women wear with Dumvum and Tago?,Nyamrek
sk15096,Sikkim,Cuisine,General Awareness,gold_text_in_stem,"Which millet-based alcoholic drink, called Tonga, is common in Sikkim?",Tonga
sk15102,Sikkim,Cuisine,General Awareness,gold_text_in_stem,"Which fermented leafy dish, known as Gundruk, uses mustard or spinach leaves?",Gundruk
sk15153,Sikkim,Language,General Awareness,gold_text_in_stem,Which indigenous language is spoken by the Lepcha community in Sikkim?,Lepcha
sk15154,Sikkim,Language,General Awareness,gold_text_in_stem,Which officially recognized tongue belongs to the Rai people of Sikkim?,Rai
sk15156,Sikkim,Language,General Awareness,gold_text_in_stem,"Which Tibeto-Burman dialect is spoken by certain communities, including Tamang, in Sikkim?",Tamang
sk15158,Sikkim,Language,General Awareness,gold_text_in_stem,Which Kiranti group dialect does Sunwar represent in Sikkim?,Sunwar
sk15160,Sikkim,Language,General Awareness,gold_text_in_stem,"Which language is spoken by the Magar community, also recognized in SikkimÃ¢â¬â¢s official list?",Magar
sk15164,Sikkim,Language,General Awareness,gold_text_in_stem,Which Sino-Tibetan language is used by the Limbu population in Sikkim?,Limbu
sk15165,Sikkim,Language,General Awareness,gold_text_in_stem,"Which Kathmandu Valley language, known as Newari, holds official status in Sikkim?",Newari
sk15224,Sikkim,Tourism,General Awareness,gold_text_in_stem,Which northern frontier after NathuLa exhibits the grand landscapes of NorthSikkim?,NorthSikkim
sk15369,Tamil_Nadu,History,General Awareness,gold_state_name,The Tamil language is primarily associated with which Indian state?,Tamil Nadu
sk15764,Tripura,Cultural_Common_Sense,General Awareness,gold_text_in_stem,"Which one belongs to Unakoti district, Tripura?",Unakoti
sk15777,Tripura,Cultural_Common_Sense,General Awareness,gold_text_in_stem,"According to you, which of the following is closely associated to Unakoti district of Tripura?",Unakoti
sk16034,Uttarakhand,Cuisine,General Awareness,gold_state_name,"Which region of India boasts a unique cuisine featuring local herbs and flora, and is influenced by the Garhwali, Kumaoni, and Jaunsari cultures?",Uttarakhand
sk16108,Uttarakhand,Dance_and_Music,General Awareness,gold_state_name,"In which region is performing a specific type of music, such as Bhajan, Garhwali Lokgeet, or Kumaoni folk music, a vital part of wedding celebrations?",Uttarakhand
sk16200,Uttarakhand,Language,General Awareness,gold_state_name,"Which region of India is home to a culture where the traditional languages, Garhwali, Kumaoni, and Jaunsari, are often intertwined with spiritual beliefs and practices, and are associated with a traditional artifact known as the 'Algoza'?",Uttarakhand
sk16203,Uttarakhand,Language,General Awareness,gold_state_name,"Which region of India is home to multiple dialects, like Garhwali, Kumaoni, Jaunsari ?",Uttarakhand
sk16212,Uttarakhand,Language,General Awareness,gold_state_name,"Which region of India has a rich storytelling tradition through native dialects like Garhwali, Kumaoni, and Jaunsari, preserving wisdom across generations?",Uttarakhand
sk16242,Uttarakhand,Rituals_and_Ceremonies,General Awareness,gold_state_name,"Which state in India celebrates Ghee Sankrant, a festival honoring harvest and agricultural practices, particularly celebrated by the Garhwali people?",Uttarakhand
sk16283,Uttarakhand,Tourism,General Awareness,gold_text_in_stem,"According to you, which of the following is closely associated to Haridwar district of Uttarakhand?",Haridwar
sk16288,Uttarakhand,Tourism,General Awareness,gold_text_in_stem,"Which one belongs to Haridwar district, Uttarakhand?",Haridwar
sk16406,West_Bengal,Festivals,General Awareness,gold_text_in_stem,What is the primary deity worshipped during the Durga Puja festival in Bengal?,Durga
sk16520,Andhra_Pradesh,Art,State Prediction,gold_state_name,Which state is famous for Udayagiri wooden cutlery Andhra?,Andhra_Pradesh
sk16528,Andhra_Pradesh,Art,State Prediction,gold_state_name,Which of the states given in the options is associated to Durgi soapstone sculptures Andhra?,Andhra_Pradesh
sk16534,Andhra_Pradesh,Art,State Prediction,gold_state_name,"According to you, which of the following states houses the Eluru carpets Andhra?",Andhra_Pradesh
sk16536,Andhra_Pradesh,Art,State Prediction,gold_state_name,"According to you, which of the following states houses the Udayagiri wooden cutlery Andhra?",Andhra_Pradesh
sk16537,Andhra_Pradesh,Art,State Prediction,gold_state_name,Which of the states given in the options is associated to Eluru carpets Andhra?,Andhra_Pradesh
sk16541,Andhra_Pradesh,Art,State Prediction,gold_state_name,"According to you, which of the following states houses the Kalamkari textiles Andhra?",Andhra_Pradesh
sk16550,Andhra_Pradesh,Art,State Prediction,gold_state_name,"According to you, which of the following states houses the Durgi soapstone sculptures Andhra?",Andhra_Pradesh
sk16554,Andhra_Pradesh,Art,State Prediction,gold_state_name,Which of the states given in the options is associated to Udayagiri wooden cutlery Andhra?,Andhra_Pradesh
sk16563,Andhra_Pradesh,Art,State Prediction,gold_state_name,Which state is famous for Durgi soapstone sculptures Andhra?,Andhra_Pradesh
sk16564,Andhra_Pradesh,Art,State Prediction,gold_state_name,Which state is famous for Eluru carpets Andhra?,Andhra_Pradesh
sk16569,Andhra_Pradesh,Art,State Prediction,gold_state_name,Which state is famous for Kalamkari textiles Andhra?,Andhra_Pradesh
sk16573,Andhra_Pradesh,Art,State Prediction,gold_state_name,Which of the states given in the options is associated to Kalamkari textiles Andhra?,Andhra_Pradesh
sk16574,Andhra_Pradesh,Costume,State Prediction,gold_state_name,Which of the states given in the options is associated to Langa Voni Andhra?,Andhra_Pradesh
sk16575,Andhra_Pradesh,Costume,State Prediction,gold_state_name,"According to you, which of the following states houses the Dharmavaram sarees Andhra?",Andhra_Pradesh
sk16576,Andhra_Pradesh,Costume,State Prediction,gold_state_name,Which state is famous for Lambadi headgear Andhra?,Andhra_Pradesh
sk16577,Andhra_Pradesh,Costume,State Prediction,gold_state_name,"According to you, which of the following states houses the Araku tribal attire Andhra?",Andhra_Pradesh
sk16580,Andhra_Pradesh,Costume,State Prediction,gold_state_name,Which of the states given in the options is associated to Dharmavaram sarees Andhra?,Andhra_Pradesh
sk16581,Andhra_Pradesh,Costume,State Prediction,gold_state_name,Which state is famous for Mangalagiri sarees Andhra?,Andhra_Pradesh
sk16583,Andhra_Pradesh,Costume,State Prediction,gold_state_name,"According to you, which of the following states houses the Lambadi headgear Andhra?",Andhra_Pradesh
sk16585,Andhra_Pradesh,Costume,State Prediction,gold_state_name,"According to you, which of the following states houses the Venkatagiri sarees Andhra?",Andhra_Pradesh
sk16586,Andhra_Pradesh,Costume,State Prediction,gold_state_name,Which state is famous for Masulipatnam gold-embroidered shawls Andhra?,Andhra_Pradesh
sk16587,Andhra_Pradesh,Costume,State Prediction,gold_state_name,Which of the states given in the options is associated to Venkatagiri sarees Andhra?,Andhra_Pradesh
sk16588,Andhra_Pradesh,Costume,State Prediction,gold_state_name,Which state is famous for Dharmavaram sarees Andhra?,Andhra_Pradesh
sk16589,Andhra_Pradesh,Costume,State Prediction,gold_state_name,Which state is famous for Langa Voni Andhra?,Andhra_Pradesh
sk16591,Andhra_Pradesh,Costume,State Prediction,gold_state_name,Which of the states given in the options is associated to Lambadi headgear Andhra?,Andhra_Pradesh
sk16592,Andhra_Pradesh,Costume,State Prediction,gold_state_name,Which of the states given in the options is associated to Araku tribal attire Andhra?,Andhra_Pradesh
sk16594,Andhra_Pradesh,Costume,State Prediction,gold_state_name,Which of the states given in the options is associated to Kurnool silk sarees Andhra?,Andhra_Pradesh
sk16595,Andhra_Pradesh,Costume,State Prediction,gold_state_name,Which state is famous for Kurnool silk sarees Andhra?,Andhra_Pradesh
sk16596,Andhra_Pradesh,Costume,State Prediction,gold_state_name,Which of the states given in the options is associated to Mangalagiri sarees Andhra?,Andhra_Pradesh
sk16597,Andhra_Pradesh,Costume,State Prediction,gold_state_name,"According to you, which of the following states houses the Langa Voni Andhra?",Andhra_Pradesh
sk16598,Andhra_Pradesh,Costume,State Prediction,gold_state_name,"According to you, which of the following states houses the Mangalagiri sarees Andhra?",Andhra_Pradesh
sk16600,Andhra_Pradesh,Costume,State Prediction,gold_state_name,Which state is famous for Uppada pattu sarees Andhra?,Andhra_Pradesh
sk16601,Andhra_Pradesh,Costume,State Prediction,gold_state_name,Which of the states given in the options is associated to Uppada pattu sarees Andhra?,Andhra_Pradesh
sk16602,Andhra_Pradesh,Costume,State Prediction,gold_state_name,Which state is famous for Araku tribal attire Andhra?,Andhra_Pradesh
sk16603,Andhra_Pradesh,Costume,State Prediction,gold_state_name,Which state is famous for Red-and-white checked cloth Andhra?,Andhra_Pradesh
sk16604,Andhra_Pradesh,Costume,State Prediction,gold_state_name,Which state is famous for Venkatagiri sarees Andhra?,Andhra_Pradesh
sk16605,Andhra_Pradesh,Costume,State Prediction,gold_state_name,"According to you, which of the following states houses the Uppada pattu sarees Andhra?",Andhra_Pradesh
sk16606,Andhra_Pradesh,Costume,State Prediction,gold_state_name,"According to you, which of the following states houses the Masulipatnam gold-embroidered shawls Andhra?",Andhra_Pradesh
sk16609,Andhra_Pradesh,Costume,State Prediction,gold_state_name,"According to you, which of the following states houses the Kurnool silk sarees Andhra?",Andhra_Pradesh
sk16610,Andhra_Pradesh,Costume,State Prediction,gold_state_name,Which of the states given in the options is associated to Masulipatnam gold-embroidered shawls Andhra?,Andhra_Pradesh
sk16611,Andhra_Pradesh,Costume,State Prediction,gold_state_name,Which of the states given in the options is associated to Red-and-white checked cloth Andhra?,Andhra_Pradesh
sk16612,Andhra_Pradesh,Costume,State Prediction,gold_state_name,"According to you, which of the following states houses the Red-and-white checked cloth Andhra?",Andhra_Pradesh
sk16619,Andhra_Pradesh,Cuisine,State Prediction,gold_state_name,Which of the states given in the options is associated to Pulusu Andhra?,Andhra_Pradesh
sk16620,Andhra_Pradesh,Cuisine,State Prediction,gold_state_name,"According to you, which of the following states houses the Andhra Gongura pappu?",Andhra_Pradesh
sk16626,Andhra_Pradesh,Cuisine,State Prediction,gold_state_name,"According to you, which of the following states houses the Pulusu Andhra?",Andhra_Pradesh
sk16631,Andhra_Pradesh,Cuisine,State Prediction,gold_state_name,Which state is famous for Andhra Gongura pappu?,Andhra_Pradesh
sk16638,Andhra_Pradesh,Cuisine,State Prediction,gold_state_name,Which of the states given in the options is associated to Andhra Gongura pappu?,Andhra_Pradesh
sk16642,Andhra_Pradesh,Cuisine,State Prediction,gold_state_name,Which state is famous for Pulusu Andhra?,Andhra_Pradesh
sk16643,Andhra_Pradesh,Dance_and_Music,State Prediction,gold_state_name,Which of the states given in the options is associated to Veedhi Natakam Andhra?,Andhra_Pradesh
sk16646,Andhra_Pradesh,Dance_and_Music,State Prediction,gold_state_name,Which of the states given in the options is associated to Bhamakalapam Andhra?,Andhra_Pradesh
sk16650,Andhra_Pradesh,Dance_and_Music,State Prediction,gold_state_name,Which state is famous for Dappu dance Andhra?,Andhra_Pradesh
sk16651,Andhra_Pradesh,Dance_and_Music,State Prediction,gold_state_name,Which state is famous for Dhimsa Andhra?,Andhra_Pradesh
sk16652,Andhra_Pradesh,Dance_and_Music,State Prediction,gold_state_name,Which state is famous for Bhamakalapam Andhra?,Andhra_Pradesh
sk16655,Andhra_Pradesh,Dance_and_Music,State Prediction,gold_state_name,Which of the states given in the options is associated to Dhimsa Andhra?,Andhra_Pradesh
sk16656,Andhra_Pradesh,Dance_and_Music,State Prediction,gold_state_name,Which state is famous for Veedhi Natakam Andhra?,Andhra_Pradesh
sk16659,Andhra_Pradesh,Dance_and_Music,State Prediction,gold_state_name,"According to you, which of the following states houses the Dhimsa Andhra?",Andhra_Pradesh
sk16660,Andhra_Pradesh,Dance_and_Music,State Prediction,gold_state_name,Which of the states given in the options is associated to Kuchipudi Andhra?,Andhra_Pradesh
sk16663,Andhra_Pradesh,Dance_and_Music,State Prediction,gold_state_name,"According to you, which of the following states houses the Bhamakalapam Andhra?",Andhra_Pradesh
sk16665,Andhra_Pradesh,Dance_and_Music,State Prediction,gold_state_name,"According to you, which of the following states houses the Dappu dance Andhra?",Andhra_Pradesh
sk16668,Andhra_Pradesh,Dance_and_Music,State Prediction,gold_state_name,"According to you, which of the following states houses the Veedhi Natakam Andhra?",Andhra_Pradesh
sk16669,Andhra_Pradesh,Dance_and_Music,State Prediction,gold_state_name,"According to you, which of the following states houses the Kuchipudi Andhra?",Andhra_Pradesh
sk16673,Andhra_Pradesh,Dance_and_Music,State Prediction,gold_state_name,Which state is famous for Kuchipudi Andhra?,Andhra_Pradesh
sk16675,Andhra_Pradesh,Dance_and_Music,State Prediction,gold_state_name,Which of the states given in the options is associated to Dappu dance Andhra?,Andhra_Pradesh
sk16676,Andhra_Pradesh,Festivals,State Prediction,gold_state_name,Which state is famous for Lepakshi Dance Festival and Kuchipudi Andhra?,Andhra_Pradesh
sk16678,Andhra_Pradesh,Festivals,State Prediction,gold_state_name,Which of the states given in the options is associated to Lepakshi Dance Festival and Kuchipudi Andhra?,Andhra_Pradesh
sk16684,Andhra_Pradesh,Festivals,State Prediction,gold_state_name,"According to you, which of the following states houses the Lepakshi Dance Festival and Kuchipudi Andhra?",Andhra_Pradesh
sk16688,Andhra_Pradesh,History,State Prediction,gold_state_name,Which of the states given in the options is associated to Borra Caves Andhra?,Andhra_Pradesh
sk16690,Andhra_Pradesh,History,State Prediction,gold_state_name,Which of the states given in the options is associated to Veerabhadra Temple at Lepakshi Andhra?,Andhra_Pradesh
sk16691,Andhra_Pradesh,History,State Prediction,gold_state_name,Which of the states given in the options is associated to Ghantasala Stupa Andhra?,Andhra_Pradesh
sk16692,Andhra_Pradesh,History,State Prediction,gold_state_name,"According to you, which of the following states houses the Ghantasala Stupa Andhra?",Andhra_Pradesh
sk16693,Andhra_Pradesh,History,State Prediction,gold_state_name,Which state is famous for Borra Caves Andhra?,Andhra_Pradesh
sk16694,Andhra_Pradesh,History,State Prediction,gold_state_name,Which state is famous for Tirumala Venkateswara Temple Andhra?,Andhra_Pradesh
sk16695,Andhra_Pradesh,History,State Prediction,gold_state_name,Which state is famous for Lambasingi hills Andhra?,Andhra_Pradesh
sk16696,Andhra_Pradesh,History,State Prediction,gold_state_name,Which of the states given in the options is associated to Sri Kurmam Temple Andhra?,Andhra_Pradesh
sk16699,Andhra_Pradesh,History,State Prediction,gold_state_name,Which state is famous for Ghantasala Stupa Andhra?,Andhra_Pradesh
sk16701,Andhra_Pradesh,History,State Prediction,gold_state_name,"According to you, which of the following states houses the Lepakshi temple frescos Andhra?",Andhra_Pradesh
sk16702,Andhra_Pradesh,History,State Prediction,gold_state_name,"According to you, which of the following states houses the Lambasingi hills Andhra?",Andhra_Pradesh
sk16703,Andhra_Pradesh,History,State Prediction,gold_state_name,Which state is famous for Veerabhadra Temple at Lepakshi Andhra?,Andhra_Pradesh
sk16706,Andhra_Pradesh,History,State Prediction,gold_state_name,"According to you, which of the following states houses the Sri Kurmam Temple Andhra?",Andhra_Pradesh
sk16707,Andhra_Pradesh,History,State Prediction,gold_state_name,"According to you, which of the following states houses the Veerabhadra Temple at Lepakshi Andhra?",Andhra_Pradesh
sk16708,Andhra_Pradesh,History,State Prediction,gold_state_name,"According to you, which of the following states houses the Borra Caves Andhra?",Andhra_Pradesh
sk16711,Andhra_Pradesh,History,State Prediction,gold_state_name,Which state is famous for Sri Kurmam Temple Andhra?,Andhra_Pradesh
sk16713,Andhra_Pradesh,History,State Prediction,gold_state_name,Which of the states given in the options is associated to Lepakshi temple frescos Andhra?,Andhra_Pradesh
sk16714,Andhra_Pradesh,History,State Prediction,gold_state_name,"According to you, which of the following states houses the Tirumala Venkateswara Temple Andhra?",Andhra_Pradesh
sk16718,Andhra_Pradesh,History,State Prediction,gold_state_name,Which of the states given in the options is associated to Lambasingi hills Andhra?,Andhra_Pradesh
sk16719,Andhra_Pradesh,History,State Prediction,gold_state_name,Which state is famous for Lepakshi temple frescos Andhra?,Andhra_Pradesh
sk16720,Andhra_Pradesh,History,State Prediction,gold_state_name,Which of the states given in the options is associated to Tirumala Venkateswara Temple Andhra?,Andhra_Pradesh
sk16721,Andhra_Pradesh,Language,State Prediction,gold_state_name,Which of the states given in the options is associated to Kommu Koya Andhra?,Andhra_Pradesh
sk16723,Andhra_Pradesh,Language,State Prediction,gold_state_name,"According to you, which of the following states houses the Kommu Koya Andhra?",Andhra_Pradesh
sk16725,Andhra_Pradesh,Language,State Prediction,gold_state_name,Which state is famous for Kommu Koya Andhra?,Andhra_Pradesh
sk16728,Andhra_Pradesh,Rituals_and_Ceremonies,State Prediction,gold_state_name,Which of the states given in the options is associated to Tholu Bommalata puppets Andhra?,Andhra_Pradesh
sk16729,Andhra_Pradesh,Rituals_and_Ceremonies,State Prediction,gold_state_name,"According to you, which of the following states houses the Tholu Bommalata puppets Andhra?",Andhra_Pradesh
sk16730,Andhra_Pradesh,Rituals_and_Ceremonies,State Prediction,gold_state_name,Which state is famous for Tholu Bommalata puppets Andhra?,Andhra_Pradesh
sk16737,Andhra_Pradesh,Sports,State Prediction,gold_state_name,Which state is famous for Kondapalli wooden toys Andhra?,Andhra_Pradesh
sk16739,Andhra_Pradesh,Sports,State Prediction,gold_state_name,"According to you, which of the following states houses the Kondapalli wooden toys Andhra?",Andhra_Pradesh
sk16740,Andhra_Pradesh,Sports,State Prediction,gold_state_name,Which of the states given in the options is associated to Etikoppaka lacquer toys Andhra?,Andhra_Pradesh
sk16742,Andhra_Pradesh,Sports,State Prediction,gold_state_name,"According to you, which of the following states houses the Etikoppaka lacquer toys Andhra?",Andhra_Pradesh
sk16743,Andhra_Pradesh,Sports,State Prediction,gold_state_name,Which state is famous for Etikoppaka lacquer toys Andhra?,Andhra_Pradesh
sk16744,Andhra_Pradesh,Sports,State Prediction,gold_state_name,Which of the states given in the options is associated to Kondapalli wooden toys Andhra?,Andhra_Pradesh
sk16745,Andhra_Pradesh,Tourism,State Prediction,gold_state_name,"According to you, which of the following states houses the INS Kursura Andhra?",Andhra_Pradesh
sk16746,Andhra_Pradesh,Tourism,State Prediction,gold_state_name,Which state is famous for INS Kursura Andhra?,Andhra_Pradesh
sk16747,Andhra_Pradesh,Tourism,State Prediction,gold_state_name,"According to you, which of the following states houses the Sri Mukhalingam Temple Andhra?",Andhra_Pradesh
sk16751,Andhra_Pradesh,Tourism,State Prediction,gold_state_name,Which state is famous for Kolleru Lake Andhra?,Andhra_Pradesh
sk16752,Andhra_Pradesh,Tourism,State Prediction,gold_state_name,Which state is famous for Sri Mukhalingam Temple Andhra?,Andhra_Pradesh
sk16753,Andhra_Pradesh,Tourism,State Prediction,gold_state_name,"According to you, which of the following states houses the Kolleru Lake Andhra?",Andhra_Pradesh
sk16754,Andhra_Pradesh,Tourism,State Prediction,gold_state_name,Which of the states given in the options is associated to INS Kursura Andhra?,Andhra_Pradesh
sk16755,Andhra_Pradesh,Tourism,State Prediction,gold_state_name,Which of the states given in the options is associated to Sri Mukhalingam Temple Andhra?,Andhra_Pradesh
sk16756,Andhra_Pradesh,Tourism,State Prediction,gold_state_name,Which of the states given in the options is associated to Kolleru Lake Andhra?,Andhra_Pradesh
sk16966,Assam,Art,State Prediction,gold_state_name,"According to you, which of the following states houses the Assamese poetry?",Assam
sk16970,Assam,Art,State Prediction,gold_state_name,Which state is famous for Assamese poetry?,Assam
sk16972,Assam,Art,State Prediction,gold_state_name,Which of the states given in the options is associated to Assamese poetry?,Assam
sk16985,Assam,Costume,State Prediction,gold_text_in_stem,Which of the states given in the options is associated to Assam Silk?,Assam
sk16989,Assam,Costume,State Prediction,gold_text_in_stem,"According to you, which of the following states houses the Assam Silk?",Assam
sk17005,Assam,Costume,State Prediction,gold_text_in_stem,Which state is famous for Assam Silk?,Assam
sk17010,Assam,Cuisine,State Prediction,gold_text_in_stem,Which state is famous for Assam tea?,Assam
sk17011,Assam,Cuisine,State Prediction,gold_text_in_stem,"According to you, which of the following states houses the Assam tea ?",Assam
sk17013,Assam,Cuisine,State Prediction,gold_text_in_stem,Which of the states given in the options is associated to Assam tea ?,Assam
sk17015,Assam,Cuisine,State Prediction,gold_text_in_stem,"According to you, which of the following states houses the Assam tea?",Assam
sk17018,Assam,Cuisine,State Prediction,gold_text_in_stem,Which of the states given in the options is associated to Assam tea?,Assam
sk17022,Assam,Cuisine,State Prediction,gold_text_in_stem,Which state is famous for Assam tea ?,Assam
sk17084,Assam,Tourism,State Prediction,gold_text_in_stem,"According to you, which of the following states houses the Assam State Museum?",Assam
sk17089,Assam,Tourism,State Prediction,gold_text_in_stem,Which state is famous for Assam State Museum?,Assam
sk17092,Assam,Tourism,State Prediction,gold_text_in_stem,Which of the states given in the options is associated to Assam State Museum?,Assam
sk17178,Chandigarh,Cuisine,State Prediction,gold_text_in_stem,Which state is famous for Chandigarh Dhabas?,Chandigarh
sk17179,Chandigarh,Cuisine,State Prediction,gold_text_in_stem,Which of the states given in the options is associated to Chandigarh Dhabas?,Chandigarh
sk17190,Chandigarh,Cuisine,State Prediction,gold_text_in_stem,"According to you, which of the following states houses the Chandigarh Dhabas?",Chandigarh
sk17202,Chandigarh,Festivals,State Prediction,gold_text_in_stem,Which of the states given in the options is associated to Rose Festival (Chandigarh)?,Chandigarh
sk17203,Chandigarh,Festivals,State Prediction,gold_text_in_stem,Which state is famous for Rose Festival (Chandigarh)?,Chandigarh
sk17204,Chandigarh,Festivals,State Prediction,gold_text_in_stem,"According to you, which of the following states houses the Rose Festival (Chandigarh)?",Chandigarh
sk17205,Chandigarh,History,State Prediction,gold_text_in_stem,"Which of the states given in the options is associated to Capitol Complex, Chandigarh?",Chandigarh
sk17208,Chandigarh,History,State Prediction,gold_text_in_stem,"Which state is famous for Gandhi Bhawan, Chandigarh?",Chandigarh
sk17209,Chandigarh,History,State Prediction,gold_text_in_stem,"Which of the states given in the options is associated to Gandhi Bhawan, Chandigarh?",Chandigarh
sk17211,Chandigarh,History,State Prediction,gold_text_in_stem,"Which state is famous for Secretariat Building, Chandigarh?",Chandigarh
sk17213,Chandigarh,History,State Prediction,gold_text_in_stem,"According to you, which of the following states houses the Gandhi Bhawan, Chandigarh?",Chandigarh
sk17214,Chandigarh,History,State Prediction,gold_text_in_stem,"According to you, which of the following states houses the Capitol Complex, Chandigarh?",Chandigarh
sk17216,Chandigarh,History,State Prediction,gold_text_in_stem,"According to you, which of the following states houses the Secretariat Building, Chandigarh?",Chandigarh
sk17218,Chandigarh,History,State Prediction,gold_text_in_stem,"Which state is famous for Capitol Complex, Chandigarh?",Chandigarh
sk17220,Chandigarh,History,State Prediction,gold_text_in_stem,"Which of the states given in the options is associated to Secretariat Building, Chandigarh?",Chandigarh
sk17228,Chandigarh,Tourism,State Prediction,gold_text_in_stem,"Which of the states given in the options is associated to Leisure Valley, Chandigarh?",Chandigarh
sk17230,Chandigarh,Tourism,State Prediction,gold_text_in_stem,"According to you, which of the following states houses the Japanese Garden, Chandigarh?",Chandigarh
sk17231,Chandigarh,Tourism,State Prediction,gold_text_in_stem,"According to you, which of the following states houses the Heritage Trees of Chandigarh?",Chandigarh
sk17232,Chandigarh,Tourism,State Prediction,gold_text_in_stem,"According to you, which of the following states houses the Terraced Garden, Chandigarh?",Chandigarh
sk17235,Chandigarh,Tourism,State Prediction,gold_text_in_stem,"Which of the states given in the options is associated to Government Museum and Art Gallery, Chandigarh?",Chandigarh
sk17236,Chandigarh,Tourism,State Prediction,gold_text_in_stem,"Which of the states given in the options is associated to Parrot Bird Sanctuary, Chandigarh?",Chandigarh
sk17238,Chandigarh,Tourism,State Prediction,gold_text_in_stem,"According to you, which of the following states houses the Leisure Valley, Chandigarh?",Chandigarh
sk17240,Chandigarh,Tourism,State Prediction,gold_text_in_stem,"Which state is famous for Leisure Valley, Chandigarh?",Chandigarh
sk17245,Chandigarh,Tourism,State Prediction,gold_text_in_stem,"Which state is famous for Terraced Garden, Chandigarh?",Chandigarh
sk17246,Chandigarh,Tourism,State Prediction,gold_text_in_stem,Which of the states given in the options is associated to Heritage Trees of Chandigarh?,Chandigarh
sk17247,Chandigarh,Tourism,State Prediction,gold_text_in_stem,"Which state is famous for Japanese Garden, Chandigarh?",Chandigarh
sk17248,Chandigarh,Tourism,State Prediction,gold_text_in_stem,"According to you, which of the following states houses the Parrot Bird Sanctuary, Chandigarh?",Chandigarh
sk17249,Chandigarh,Tourism,State Prediction,gold_text_in_stem,"Which of the states given in the options is associated to Terraced Garden, Chandigarh?",Chandigarh
sk17253,Chandigarh,Tourism,State Prediction,gold_text_in_stem,"According to you, which of the following states houses the Government Museum and Art Gallery, Chandigarh?",Chandigarh
sk17255,Chandigarh,Tourism,State Prediction,gold_text_in_stem,"Which of the states given in the options is associated to Japanese Garden, Chandigarh?",Chandigarh
sk17256,Chandigarh,Tourism,State Prediction,gold_text_in_stem,Which state is famous for Heritage Trees of Chandigarh?,Chandigarh
sk17257,Chandigarh,Tourism,State Prediction,gold_text_in_stem,"Which state is famous for Parrot Bird Sanctuary, Chandigarh?",Chandigarh
sk17258,Chandigarh,Tourism,State Prediction,gold_text_in_stem,"Which state is famous for Government Museum and Art Gallery, Chandigarh?",Chandigarh
sk17290,Chhattisgarh,Costume,State Prediction,gold_text_in_stem,Which state is famous for Chhattisgarh Kosa silk?,Chhattisgarh
sk17296,Chhattisgarh,Costume,State Prediction,gold_text_in_stem,Which of the states given in the options is associated to Chhattisgarh Kosa silk?,Chhattisgarh
sk17297,Chhattisgarh,Costume,State Prediction,gold_text_in_stem,"According to you, which of the following states houses the Chhattisgarh Kosa silk?",Chhattisgarh
sk17400,Dadra_and_Nagar_Haveli_and_Daman_and_Diu,History,State Prediction,gold_state_name,Which state is famous for Dadra and Nagar Haveli (map)?,Dadra_and_Nagar_Haveli_and_Daman_and_Diu
sk17402,Dadra_and_Nagar_Haveli_and_Daman_and_Diu,History,State Prediction,gold_state_name,Which state is famous for Diu Head ?,Dadra_and_Nagar_Haveli_and_Daman_and_Diu
sk17403,Dadra_and_Nagar_Haveli_and_Daman_and_Diu,History,State Prediction,gold_state_name,Which of the states given in the options is associated to Dadra and Nagar Haveli (map)?,Dadra_and_Nagar_Haveli_and_Daman_and_Diu
sk17408,Dadra_and_Nagar_Haveli_and_Daman_and_Diu,History,State Prediction,gold_state_name,"According to you, which of the following states houses the Diu Head ?",Dadra_and_Nagar_Haveli_and_Daman_and_Diu
sk17418,Dadra_and_Nagar_Haveli_and_Daman_and_Diu,History,State Prediction,gold_state_name,"According to you, which of the following states houses the Dadra and Nagar Haveli (map)?",Dadra_and_Nagar_Haveli_and_Daman_and_Diu
sk17420,Dadra_and_Nagar_Haveli_and_Daman_and_Diu,History,State Prediction,gold_state_name,Which of the states given in the options is associated to Diu Head ?,Dadra_and_Nagar_Haveli_and_Daman_and_Diu
sk17438,Dadra_and_Nagar_Haveli_and_Daman_and_Diu,Tourism,State Prediction,gold_state_name,Which state is famous for Diu Museum?,Dadra_and_Nagar_Haveli_and_Daman_and_Diu
sk17444,Dadra_and_Nagar_Haveli_and_Daman_and_Diu,Tourism,State Prediction,gold_state_name,Which of the states given in the options is associated to Diu Fort?,Dadra_and_Nagar_Haveli_and_Daman_and_Diu
sk17454,Dadra_and_Nagar_Haveli_and_Daman_and_Diu,Tourism,State Prediction,gold_state_name,Which state is famous for Nani Daman Fort?,Dadra_and_Nagar_Haveli_and_Daman_and_Diu
sk17475,Dadra_and_Nagar_Haveli_and_Daman_and_Diu,Tourism,State Prediction,gold_state_name,Which of the states given in the options is associated to Nani Daman Fort?,Dadra_and_Nagar_Haveli_and_Daman_and_Diu
sk17493,Dadra_and_Nagar_Haveli_and_Daman_and_Diu,Tourism,State Prediction,gold_state_name,"According to you, which of the following states houses the Diu Fort?",Dadra_and_Nagar_Haveli_and_Daman_and_Diu
sk17495,Dadra_and_Nagar_Haveli_and_Daman_and_Diu,Tourism,State Prediction,gold_state_name,Which of the states given in the options is associated to Diu Museum?,Dadra_and_Nagar_Haveli_and_Daman_and_Diu
sk17506,Dadra_and_Nagar_Haveli_and_Daman_and_Diu,Tourism,State Prediction,gold_state_name,"According to you, which of the following states houses the Nani Daman Fort?",Dadra_and_Nagar_Haveli_and_Daman_and_Diu
sk17509,Dadra_and_Nagar_Haveli_and_Daman_and_Diu,Tourism,State Prediction,gold_state_name,Which state is famous for Diu Fort?,Dadra_and_Nagar_Haveli_and_Daman_and_Diu
sk17513,Dadra_and_Nagar_Haveli_and_Daman_and_Diu,Tourism,State Prediction,gold_state_name,"According to you, which of the following states houses the Diu Museum?",Dadra_and_Nagar_Haveli_and_Daman_and_Diu
sk17646,Delhi,Language,State Prediction,gold_text_in_stem,Which state is famous for Delhi Urdu Academy?,Delhi
sk17647,Delhi,Language,State Prediction,gold_text_in_stem,"According to you, which of the following states houses the Delhi Urdu Academy?",Delhi
sk17648,Delhi,Language,State Prediction,gold_text_in_stem,Which of the states given in the options is associated to Delhi Urdu Academy?,Delhi
sk17812,Goa,Cuisine,State Prediction,gold_state_name,Which of the states given in the options is associated to Goan Patoli?,Goa
sk17814,Goa,Cuisine,State Prediction,gold_state_name,Which state is famous for Goan Patoli?,Goa
sk17815,Goa,Cuisine,State Prediction,gold_state_name,"According to you, which of the following states houses the Goan Patoli?",Goa
sk17837,Goa,Festivals,State Prediction,gold_text_in_stem,Which of the states given in the options is associated to Feast of Three Kings in goa?,Goa
sk17840,Goa,Festivals,State Prediction,gold_text_in_stem,"According to you, which of the following states houses the Feast of Three Kings in goa?",Goa
sk17841,Goa,Festivals,State Prediction,gold_text_in_stem,Which state is famous for Feast of Three Kings in goa?,Goa
sk17854,Goa,History,State Prediction,gold_text_in_stem,Which of the states given in the options is associated to Annexation of Goa?,Goa
sk17855,Goa,History,State Prediction,gold_text_in_stem,Which state is famous for Annexation of Goa?,Goa
sk17859,Goa,History,State Prediction,gold_text_in_stem,"According to you, which of the following states houses the Annexation of Goa?",Goa
sk17918,Gujarat,Cultural_Common_Sense,State Prediction,gold_text_in_stem,Which state is famous for Siddi community in gujarat?,Gujarat
sk17919,Gujarat,Cultural_Common_Sense,State Prediction,gold_text_in_stem,Which of the states given in the options is associated to Siddi community in gujarat?,Gujarat
sk17922,Gujarat,Cultural_Common_Sense,State Prediction,gold_text_in_stem,"According to you, which of the following states houses the Siddi community in gujarat?",Gujarat
sk17935,Gujarat,Festivals,State Prediction,gold_text_in_stem,Which of the states given in the options is associated to Uttarayan in gujarat?,Gujarat
sk17943,Gujarat,Festivals,State Prediction,gold_text_in_stem,Which state is famous for Navratri in gujarat?,Gujarat
sk17951,Gujarat,Festivals,State Prediction,gold_text_in_stem,Which state is famous for Uttarayan in gujarat?,Gujarat
sk17955,Gujarat,Festivals,State Prediction,gold_text_in_stem,Which of the states given in the options is associated to Navratri in gujarat?,Gujarat
sk17961,Gujarat,Festivals,State Prediction,gold_text_in_stem,"According to you, which of the following states houses the Uttarayan in gujarat?",Gujarat
sk17971,Gujarat,Festivals,State Prediction,gold_text_in_stem,"According to you, which of the following states houses the Navratri in gujarat?",Gujarat
sk17976,Gujarat,History,State Prediction,gold_text_in_stem,Which state is famous for Lothal in gujarat?,Gujarat
sk17977,Gujarat,History,State Prediction,gold_text_in_stem,"According to you, which of the following states houses the Lothal in gujarat?",Gujarat
sk17980,Gujarat,History,State Prediction,gold_text_in_stem,Which of the states given in the options is associated to Lothal in gujarat?,Gujarat
sk17982,Gujarat,Language,State Prediction,gold_text_in_stem,"According to you, which of the following states houses the Kachi Koli in gujarat?",Gujarat
sk17984,Gujarat,Language,State Prediction,gold_state_name,Which state is famous for Gujarati Language?,Gujarat
sk17993,Gujarat,Language,State Prediction,gold_state_name,"Which state has a linguistic diversity that includes Gujarati, Kutchi, Bhili, and several tribal languages?",Gujarat
sk17995,Gujarat,Language,State Prediction,gold_text_in_stem,Which state is famous for Kachi Koli in gujarat?,Gujarat
sk18000,Gujarat,Language,State Prediction,gold_state_name,"According to you, which of the following states houses the Gujarati Language?",Gujarat
sk18004,Gujarat,Language,State Prediction,gold_state_name,Which of the states given in the options is associated to Gujarati Language?,Gujarat
sk18012,Gujarat,Language,State Prediction,gold_state_name,"Which state is home to the Siddi community, whose members speak a mix of Gujarati and African-influenced dialects?",Gujarat
sk18013,Gujarat,Language,State Prediction,gold_state_name,In which state is Gujarati the official language?,Gujarat
sk18014,Gujarat,Language,State Prediction,gold_text_in_stem,Which of the states given in the options is associated to Kachi Koli in gujarat?,Gujarat
sk18025,Gujarat,Tourism,State Prediction,gold_state_name,Which state is famous for Panchmahal Gujarati?,Gujarat
sk18026,Gujarat,Tourism,State Prediction,gold_state_name,Which of the states given in the options is associated to Panchmahal Gujarati?,Gujarat
sk18027,Gujarat,Tourism,State Prediction,gold_state_name,"According to you, which of the following states houses the Panchmahal Gujarati?",Gujarat
sk18028,Haryana,Art,State Prediction,gold_text_in_stem,"According to you, which of the following states houses the Traditional architecture in haryana?",Haryana
sk18029,Haryana,Art,State Prediction,gold_text_in_stem,Which state is famous for Traditional architecture in haryana?,Haryana
sk18030,Haryana,Art,State Prediction,gold_text_in_stem,Which of the states given in the options is associated to Traditional architecture in haryana?,Haryana
sk18031,Haryana,Costume,State Prediction,gold_text_in_stem,Which state is famous for Traditional women's clothing in haryana?,Haryana
sk18032,Haryana,Costume,State Prediction,gold_text_in_stem,"According to you, which of the following states houses the Traditional women's clothing in haryana?",Haryana
sk18033,Haryana,Costume,State Prediction,gold_text_in_stem,Which of the states given in the options is associated to Traditional women's clothing in haryana?,Haryana
sk18040,Haryana,Cuisine,State Prediction,gold_state_name,Which of the states given in the options is associated to Haryanvi Dal?,Haryana
sk18041,Haryana,Cuisine,State Prediction,gold_text_in_stem,Which of the states given in the options is associated to Rice in haryana?,Haryana
sk18047,Haryana,Cuisine,State Prediction,gold_text_in_stem,Which of the states given in the options is associated to Cuisine of Haryana?,Haryana
sk18048,Haryana,Cuisine,State Prediction,gold_text_in_stem,"According to you, which of the following states houses the Rice in haryana?",Haryana
sk18050,Haryana,Cuisine,State Prediction,gold_text_in_stem,"According to you, which of the following states houses the Cuisine of Haryana?",Haryana
sk18051,Haryana,Cuisine,State Prediction,gold_text_in_stem,Which state is famous for Rice in haryana?,Haryana
sk18052,Haryana,Cuisine,State Prediction,gold_text_in_stem,Which state is famous for Cuisine of Haryana?,Haryana
sk18055,Haryana,Cuisine,State Prediction,gold_state_name,"According to you, which of the following states houses the Haryanvi Dal?",Haryana
sk18062,Haryana,Cuisine,State Prediction,gold_state_name,Which state is famous for Haryanvi Dal?,Haryana
sk18070,Haryana,Cultural_Common_Sense,State Prediction,gold_text_in_stem,Which state is famous for Geographical location of haryana?,Haryana
sk18071,Haryana,Cultural_Common_Sense,State Prediction,gold_text_in_stem,Which state is famous for Vedic Mantras in haryana?,Haryana
sk18073,Haryana,Cultural_Common_Sense,State Prediction,gold_text_in_stem,Which of the states given in the options is associated to Vedic Mantras in haryana?,Haryana
sk18074,Haryana,Cultural_Common_Sense,State Prediction,gold_text_in_stem,Which of the states given in the options is associated to Geographical location of haryana?,Haryana
sk18075,Haryana,Cultural_Common_Sense,State Prediction,gold_text_in_stem,"According to you, which of the following states houses the Haryana Agriculture?",Haryana
sk18081,Haryana,Cultural_Common_Sense,State Prediction,gold_text_in_stem,Which state is famous for Haryana Agriculture?,Haryana
sk18082,Haryana,Cultural_Common_Sense,State Prediction,gold_text_in_stem,"According to you, which of the following states houses the Geographical location of haryana?",Haryana
sk18087,Haryana,Cultural_Common_Sense,State Prediction,gold_text_in_stem,"According to you, which of the following states houses the Vedic Mantras in haryana?",Haryana
sk18090,Haryana,Cultural_Common_Sense,State Prediction,gold_text_in_stem,Which of the states given in the options is associated to Haryana Agriculture?,Haryana
sk18091,Haryana,Dance_and_Music,State Prediction,gold_text_in_stem,"According to you, which of the following states houses the Traditional instruments in haryana?",Haryana
sk18097,Haryana,Dance_and_Music,State Prediction,gold_text_in_stem,Which of the states given in the options is associated to Traditional instruments in haryana?,Haryana
sk18098,Haryana,Dance_and_Music,State Prediction,gold_state_name,Which of the states given in the options is associated to Haryanvi folk music?,Haryana
sk18103,Haryana,Dance_and_Music,State Prediction,gold_text_in_stem,Which of the states given in the options is associated to Folk theatre in haryana?,Haryana
sk18106,Haryana,Dance_and_Music,State Prediction,gold_text_in_stem,Which state is famous for Folk theatre in haryana?,Haryana
sk18107,Haryana,Dance_and_Music,State Prediction,gold_text_in_stem,Which state is famous for Traditional instruments in haryana?,Haryana
sk18108,Haryana,Dance_and_Music,State Prediction,gold_state_name,"According to you, which of the following states houses the Haryanvi folk music?",Haryana
sk18112,Haryana,Dance_and_Music,State Prediction,gold_state_name,Which state is famous for Haryanvi folk music?,Haryana
sk18116,Haryana,Dance_and_Music,State Prediction,gold_text_in_stem,"According to you, which of the following states houses the Folk theatre in haryana?",Haryana
sk18118,Haryana,Festivals,State Prediction,gold_text_in_stem,Which state is famous for Haryana Day?,Haryana
sk18119,Haryana,Festivals,State Prediction,gold_text_in_stem,"According to you, which of the following states houses the Festival celebrations in haryana?",Haryana
sk18120,Haryana,Festivals,State Prediction,gold_text_in_stem,Which of the states given in the options is associated to Festival celebrations in haryana?,Haryana
sk18121,Haryana,Festivals,State Prediction,gold_text_in_stem,Which state is famous for Festival celebrations in haryana?,Haryana
sk18122,Haryana,Festivals,State Prediction,gold_text_in_stem,Which of the states given in the options is associated to Haryana Day?,Haryana
sk18123,Haryana,Festivals,State Prediction,gold_text_in_stem,"According to you, which of the following states houses the Haryana Day?",Haryana
sk18130,Haryana,History,State Prediction,gold_text_in_stem,Which state is famous for Mahabharata in haryana?,Haryana
sk18131,Haryana,History,State Prediction,gold_text_in_stem,Which of the states given in the options is associated to Mahabharata in haryana?,Haryana
sk18143,Haryana,History,State Prediction,gold_text_in_stem,"According to you, which of the following states houses the Mahabharata in haryana?",Haryana
sk18156,Haryana,Language,State Prediction,gold_text_in_stem,Which of the states given in the options is associated to Sanskrit in haryana?,Haryana
sk18157,Haryana,Language,State Prediction,gold_text_in_stem,"According to you, which of the following states houses the Sanskrit in haryana?",Haryana
sk18159,Haryana,Language,State Prediction,gold_state_name,"According to you, which of the following states houses the Haryanvi?",Haryana
sk18160,Haryana,Language,State Prediction,gold_state_name,Which of the states given in the options is associated to Haryanvi?,Haryana
sk18164,Haryana,Language,State Prediction,gold_state_name,Which state is famous for Haryanvi?,Haryana
sk18165,Haryana,Language,State Prediction,gold_text_in_stem,Which state is famous for Sanskrit in haryana?,Haryana
sk18178,Haryana,Religion,State Prediction,gold_text_in_stem,"According to you, which of the following states houses the Pilgrimage in haryana?",Haryana
sk18181,Haryana,Religion,State Prediction,gold_text_in_stem,Which of the states given in the options is associated to Pilgrimage in haryana?,Haryana
sk18182,Haryana,Religion,State Prediction,gold_text_in_stem,Which state is famous for Pilgrimage in haryana?,Haryana
sk18184,Haryana,Rituals_and_Ceremonies,State Prediction,gold_state_name,Which state is famous for Wedding traditions in haryanvi?,Haryana
sk18188,Haryana,Rituals_and_Ceremonies,State Prediction,gold_state_name,Which of the states given in the options is associated to Wedding traditions in haryanvi?,Haryana
sk18189,Haryana,Rituals_and_Ceremonies,State Prediction,gold_state_name,"According to you, which of the following states houses the Wedding traditions in haryanvi?",Haryana
sk18227,Himachal_Pradesh,Costume,State Prediction,gold_state_name,"According to you, which of the following states houses the Himachali  Cap?",Himachal_Pradesh
sk18233,Himachal_Pradesh,Costume,State Prediction,gold_state_name,Which state is famous for Himachali  Cap?,Himachal_Pradesh
sk18242,Himachal_Pradesh,Costume,State Prediction,gold_state_name,Which of the states given in the options is associated to Himachali  Cap?,Himachal_Pradesh
sk18397,Jammu_kashmir,Art,State Prediction,gold_state_name,"According to you, which of the following states houses the Kashmiri Rug?",Jammu_kashmir
sk18403,Jammu_kashmir,Art,State Prediction,gold_state_name,Which of the states given in the options is associated to Kashmiri Rug?,Jammu_kashmir
sk18417,Jammu_kashmir,Art,State Prediction,gold_state_name,Which state is famous for Kashmiri Rug?,Jammu_kashmir
sk18617,Jharkhand,History,State Prediction,gold_text_in_stem,Which of the states given in the options is associated to Pathalgadi districts in Jharkhand?,Jharkhand
sk18622,Jharkhand,History,State Prediction,gold_text_in_stem,Which state is famous for Pathalgadi districts in Jharkhand?,Jharkhand
sk18631,Jharkhand,History,State Prediction,gold_text_in_stem,"According to you, which of the following states houses the Pathalgadi districts in Jharkhand?",Jharkhand
sk18786,Karnataka,Cultural_Common_Sense,State Prediction,gold_state_name,"Which of the states given in the options is associated to Kannada film ""Samskara"" produced in?",Karnataka
sk18787,Karnataka,Cultural_Common_Sense,State Prediction,gold_state_name,Which state is famous for Kannada movie based on Bhuta Kola?,Karnataka
sk18797,Karnataka,Cultural_Common_Sense,State Prediction,gold_state_name,"According to you, which of the following states houses the Kannada film ""Samskara"" produced in?",Karnataka
sk18800,Karnataka,Cultural_Common_Sense,State Prediction,gold_state_name,"Which state is famous for Kannada film ""Samskara"" produced in?",Karnataka
sk18811,Karnataka,Cultural_Common_Sense,State Prediction,gold_state_name,Which of the states given in the options is associated to Kannada movie based on Bhuta Kola?,Karnataka
sk18817,Karnataka,Cultural_Common_Sense,State Prediction,gold_state_name,"According to you, which of the following states houses the Kannada movie based on Bhuta Kola?",Karnataka
sk18889,Karnataka,Festivals,State Prediction,gold_state_name,Which state is famous for Kannada Rajyotsava celebration?,Karnataka
sk18946,Karnataka,Festivals,State Prediction,gold_state_name,Which of the states given in the options is associated to Kannada Rajyotsava celebration?,Karnataka
sk18951,Karnataka,Festivals,State Prediction,gold_state_name,"According to you, which of the following states houses the Kannada Rajyotsava celebration?",Karnataka
sk18995,Karnataka,Language,State Prediction,gold_state_name,Which of the states given in the options is associated to Dharwad Kannada dialect spoken in?,Karnataka
sk18999,Karnataka,Language,State Prediction,gold_text_in_stem,Which of the states given in the options is associated to Tulu-speaking districts in Karnataka?,Karnataka
sk19006,Karnataka,Language,State Prediction,gold_state_name,"According to you, which of the following states houses the Kannada Language?",Karnataka
sk19008,Karnataka,Language,State Prediction,gold_text_in_stem,Which state is famous for Tulu-speaking districts in Karnataka?,Karnataka
sk19009,Karnataka,Language,State Prediction,gold_state_name,Which state is famous for Kannada Language?,Karnataka
sk19013,Karnataka,Language,State Prediction,gold_text_in_stem,"According to you, which of the following states houses the Tulu-speaking districts in Karnataka?",Karnataka
sk19019,Karnataka,Language,State Prediction,gold_state_name,"According to you, which of the following states houses the Dharwad Kannada dialect spoken in?",Karnataka
sk19020,Karnataka,Language,State Prediction,gold_state_name,Which state is famous for Dharwad Kannada dialect spoken in?,Karnataka
sk19023,Karnataka,Language,State Prediction,gold_state_name,Which of the states given in the options is associated to Kannada Language?,Karnataka
sk19031,Karnataka,Personalities,State Prediction,gold_state_name,Which of the states given in the options is associated to First Kannada Jnanpith Award winner (Kuvempu)?,Karnataka
sk19039,Karnataka,Personalities,State Prediction,gold_state_name,"According to you, which of the following states houses the First Kannada Jnanpith Award winner (Kuvempu)?",Karnataka
sk19044,Karnataka,Personalities,State Prediction,gold_state_name,Which state is famous for First Kannada Jnanpith Award winner (Kuvempu)?,Karnataka
sk19048,Karnataka,Rituals_and_Ceremonies,State Prediction,gold_state_name,Which of the states given in the options is associated to Kannada Rajyotsava celebrated in?,Karnataka
sk19049,Karnataka,Rituals_and_Ceremonies,State Prediction,gold_state_name,Which state is famous for Kannada Rajyotsava celebrated in?,Karnataka
sk19064,Karnataka,Rituals_and_Ceremonies,State Prediction,gold_state_name,"According to you, which of the following states houses the Kannada Rajyotsava celebrated in?",Karnataka
sk19088,Kerala,Art,State Prediction,gold_text_in_stem,"According to you, which of the following states houses the Kerala Mural Paintings?",Kerala
sk19089,Kerala,Art,State Prediction,gold_text_in_stem,Which state is famous for Kerala Mural Paintings?,Kerala
sk19093,Kerala,Art,State Prediction,gold_text_in_stem,Which of the states given in the options is associated to Kerala Mural Paintings?,Kerala
sk19118,Kerala,Cultural_Common_Sense,State Prediction,gold_text_in_stem,"According to you, which of the following states houses the Kerala Gods Own Country?",Kerala
sk19122,Kerala,Cultural_Common_Sense,State Prediction,gold_text_in_stem,Which of the states given in the options is associated to Kerala Gods Own Country?,Kerala
sk19124,Kerala,Cultural_Common_Sense,State Prediction,gold_text_in_stem,Which state is famous for Kerala Gods Own Country?,Kerala
sk19126,Kerala,Dance_and_Music,State Prediction,gold_text_in_stem,"The Indian state known for Margamkali, a traditional dance performed by the Christian community, is Kerala. Margamkali is a ritualistic dance form deeply rooted in Kerala's Christian traditions, particularly among the Syrian Christian communities in districts like Kottayam and Thrissur123. It is performed during Christian festivals and weddings, showcasing the community's cultural and spiritual heritage",Kerala
sk19177,Kerala,Language,State Prediction,gold_state_name,"In which Indian state was the Arabi-Malayalam script, a modified Arabic script used by the Mappila Muslim community to write Malayalam, historically developed?",Kerala
sk19178,Kerala,Language,State Prediction,gold_state_name,In which state is Malayalam the most widely spoken language?,Kerala
sk19179,Kerala,Language,State Prediction,gold_state_name,Which state's education system includes Malayalam as a compulsory language in schools?,Kerala
sk19181,Kerala,Language,State Prediction,gold_state_name,"In which Indian state is the Eranadan language, a distinct dialect of Malayalam spoken by certain communities, primarily used?",Kerala
sk19182,Kerala,Language,State Prediction,gold_state_name,In which state is the Kasaragod dialect of Malayalam influenced by Tulu and Kannada?,Kerala
sk19183,Kerala,Language,State Prediction,gold_state_name,Which state's Malayalam dialects vary significantly between rural and urban regions?,Kerala
sk19184,Kerala,Language,State Prediction,gold_state_name,"Which state in India has media, cinema, and literature predominantly in the Malayalam language?",Kerala
sk19185,Kerala,Language,State Prediction,gold_state_name,"In which Indian state does the Central Travancore dialect of Malayalam, known for its distinct intonations, originate?",Kerala
sk19186,Kerala,Language,State Prediction,gold_state_name,"Which state's Malayalam dialects are influenced by Tamil, Sanskrit, and Arabic due to historical trade and cultural exchanges?",Kerala
sk19187,Kerala,Language,State Prediction,gold_state_name,Which state in India celebrates Malayalam Language Day on November 1st?,Kerala
sk19188,Kerala,Medicine,State Prediction,gold_text_in_stem,"According to you, which of the following states houses the Kerala Ayurveda?",Kerala
sk19190,Kerala,Medicine,State Prediction,gold_text_in_stem,Which of the states given in the options is associated to Kerala Ayurveda?,Kerala
sk19191,Kerala,Medicine,State Prediction,gold_text_in_stem,Which state is famous for Kerala Ayurveda?,Kerala
sk19296,Ladakh,Personalities,State Prediction,gold_state_name,"According to you, which of the following states houses the Shaynam Ladakhi?",Ladakh
sk19297,Ladakh,Personalities,State Prediction,gold_state_name,Which state is famous for Shaynam Ladakhi?,Ladakh
sk19300,Ladakh,Personalities,State Prediction,gold_state_name,Which state is famous for Phonsok Ladakhi?,Ladakh
sk19301,Ladakh,Personalities,State Prediction,gold_state_name,Which of the states given in the options is associated to Phonsok Ladakhi?,Ladakh
sk19306,Ladakh,Personalities,State Prediction,gold_state_name,"According to you, which of the following states houses the Phonsok Ladakhi?",Ladakh
sk19311,Ladakh,Personalities,State Prediction,gold_state_name,Which of the states given in the options is associated to Shaynam Ladakhi?,Ladakh
sk19336,Lakshadweep,Cultural_Common_Sense,State Prediction,gold_text_in_stem,Which of the states given in the options is associated to old name of Lakshadweep?,Lakshadweep
sk19337,Lakshadweep,Cultural_Common_Sense,State Prediction,gold_text_in_stem,"According to you, which of the following states houses the Lakshadweep Regulation?",Lakshadweep
sk19339,Lakshadweep,Cultural_Common_Sense,State Prediction,gold_text_in_stem,"In which area of India is the ""Aminidivi"" group of islands part of the Lakshadweep archipelago, known for its pristine beaches and coral reefs?",Lakshadweep
sk19340,Lakshadweep,Cultural_Common_Sense,State Prediction,gold_text_in_stem,"According to you, which of the following states houses the old name of Lakshadweep?",Lakshadweep
sk19341,Lakshadweep,Cultural_Common_Sense,State Prediction,gold_text_in_stem,Which state is famous for Lakshadweep Regulation?,Lakshadweep
sk19342,Lakshadweep,Cultural_Common_Sense,State Prediction,gold_text_in_stem,Which of the states given in the options is associated to Lakshadweep Regulation?,Lakshadweep
sk19344,Lakshadweep,Cultural_Common_Sense,State Prediction,gold_text_in_stem,Which state is famous for old name of Lakshadweep?,Lakshadweep
sk19373,Madhya_Pradesh,Art,State Prediction,gold_text_in_stem,Which state is famous for Madhya Pradesh Bamboo craft?,Madhya_Pradesh
sk19374,Madhya_Pradesh,Art,State Prediction,gold_text_in_stem,"According to you, which of the following states houses the Madhya Pradesh Bamboo craft?",Madhya_Pradesh
sk19375,Madhya_Pradesh,Art,State Prediction,gold_text_in_stem,Which of the states given in the options is associated to Madhya Pradesh Bamboo craft?,Madhya_Pradesh
sk19388,Madhya_Pradesh,Cuisine,State Prediction,gold_text_in_stem,"According to you, which of the following states houses the Garadu and Kulfi Falooda in madhya pradesh?",Madhya_Pradesh
sk19389,Madhya_Pradesh,Cuisine,State Prediction,gold_text_in_stem,Which state is famous for Garadu and Kulfi Falooda in madhya pradesh?,Madhya_Pradesh
sk19391,Madhya_Pradesh,Cuisine,State Prediction,gold_text_in_stem,Which of the states given in the options is associated to Garadu and Kulfi Falooda in madhya pradesh?,Madhya_Pradesh
sk19428,Madhya_Pradesh,History,State Prediction,gold_text_in_stem,Which of the states given in the options is associated to Chandela Dynasty in madhya pradesh?,Madhya_Pradesh
sk19432,Madhya_Pradesh,History,State Prediction,gold_text_in_stem,Which state is famous for Chandela Dynasty in madhya pradesh?,Madhya_Pradesh
sk19434,Madhya_Pradesh,History,State Prediction,gold_text_in_stem,"According to you, which of the following states houses the Chandela Dynasty in madhya pradesh?",Madhya_Pradesh
sk19474,Maharashtra,Costume,State Prediction,gold_state_name,Which state is famous for Nath-Marathi Nosepin?,Maharashtra
sk19479,Maharashtra,Costume,State Prediction,gold_state_name,"According to you, which of the following states houses the Nath-Marathi Nosepin?",Maharashtra
sk19488,Maharashtra,Costume,State Prediction,gold_state_name,Which of the states given in the options is associated to Nath-Marathi Nosepin?,Maharashtra
sk19495,Maharashtra,Cultural_Common_Sense,State Prediction,gold_text_in_stem,Which state is famous for Shiv Jayanti in maharashtra?,Maharashtra
sk19496,Maharashtra,Cultural_Common_Sense,State Prediction,gold_text_in_stem,Which of the states given in the options is associated to Shiv Jayanti in maharashtra?,Maharashtra
sk19497,Maharashtra,Cultural_Common_Sense,State Prediction,gold_text_in_stem,"According to you, which of the following states houses the Shiv Jayanti in maharashtra?",Maharashtra
sk19502,Maharashtra,Festivals,State Prediction,gold_text_in_stem,"According to you, which of the following states houses the Ganesh Chaturthi in maharashtra?",Maharashtra
sk19506,Maharashtra,Festivals,State Prediction,gold_text_in_stem,Which of the states given in the options is associated to Ganesh Chaturthi in maharashtra?,Maharashtra
sk19512,Maharashtra,Festivals,State Prediction,gold_text_in_stem,Which state is famous for Ganesh Chaturthi in maharashtra?,Maharashtra
sk19539,Manipur,Art,State Prediction,gold_text_in_stem,"According to you, which of the following states houses the Manipur Hand block printing?",Manipur
sk19545,Manipur,Art,State Prediction,gold_text_in_stem,"According to you, which of the following states houses the Manipur Bamboo crafts?",Manipur
sk19550,Manipur,Art,State Prediction,gold_text_in_stem,Which of the states given in the options is associated to Manipur Hand block printing?,Manipur
sk19551,Manipur,Art,State Prediction,gold_text_in_stem,Which of the states given in the options is associated to Manipur Bamboo crafts?,Manipur
sk19553,Manipur,Art,State Prediction,gold_text_in_stem,Which state is famous for Manipur Bamboo crafts?,Manipur
sk19555,Manipur,Art,State Prediction,gold_text_in_stem,Which state is famous for Manipur Hand block printing?,Manipur
sk19571,Manipur,Dance_and_Music,State Prediction,gold_state_name,Which state is famous for Manipuri Raas Leela?,Manipur
sk19573,Manipur,Dance_and_Music,State Prediction,gold_state_name,Which of the states given in the options is associated to Manipuri Raas Leela?,Manipur
sk19582,Manipur,Dance_and_Music,State Prediction,gold_state_name,"According to you, which of the following states houses the Manipuri Raas Leela?",Manipur
sk19696,Meghalaya,Art,State Prediction,gold_text_in_stem,"According to you, which of the following states houses the Bamboo and Cane Culture of Meghalaya?",Meghalaya
sk19697,Meghalaya,Art,State Prediction,gold_text_in_stem,Which of the states given in the options is associated to Meghalaya wood carving tradition?,Meghalaya
sk19698,Meghalaya,Art,State Prediction,gold_text_in_stem,"According to you, which of the following states houses the Meghalaya wood carving tradition?",Meghalaya
sk19701,Meghalaya,Art,State Prediction,gold_text_in_stem,Which of the states given in the options is associated to Bamboo and Cane Culture of Meghalaya?,Meghalaya
sk19705,Meghalaya,Art,State Prediction,gold_text_in_stem,Which state is famous for Bamboo and Cane Culture of Meghalaya?,Meghalaya
sk19709,Meghalaya,Art,State Prediction,gold_text_in_stem,Which state is famous for Meghalaya wood carving tradition?,Meghalaya
sk19719,Meghalaya,Cultural_Common_Sense,State Prediction,gold_text_in_stem,Which state is famous for Emblem of Meghalaya?,Meghalaya
sk19721,Meghalaya,Cultural_Common_Sense,State Prediction,gold_text_in_stem,"According to you, which of the following states houses the Emblem of Meghalaya?",Meghalaya
sk19724,Meghalaya,Cultural_Common_Sense,State Prediction,gold_text_in_stem,Which of the states given in the options is associated to Emblem of Meghalaya?,Meghalaya
sk19806,Mizoram,Art,State Prediction,gold_state_name,Which state is famous for Mizo craft?,Mizoram
sk19807,Mizoram,Art,State Prediction,gold_state_name,"According to you, which of the following states houses the Mizo craft?",Mizoram
sk19808,Mizoram,Art,State Prediction,gold_state_name,Which of the states given in the options is associated to Mizo craft?,Mizoram
sk19809,Mizoram,Costume,State Prediction,gold_state_name,Which state is famous for Mizo Puanchei?,Mizoram
sk19810,Mizoram,Costume,State Prediction,gold_state_name,"According to you, which of the following states houses the Mizo Puanchei?",Mizoram
sk19811,Mizoram,Costume,State Prediction,gold_state_name,Which of the states given in the options is associated to Mizo Puanchei?,Mizoram
sk19840,Mizoram,Tourism,State Prediction,gold_text_in_stem,Which state is famous for Mizoram State Museum?,Mizoram
sk19849,Mizoram,Tourism,State Prediction,gold_text_in_stem,"According to you, which of the following states houses the Mizoram State Museum?",Mizoram
sk19852,Mizoram,Tourism,State Prediction,gold_text_in_stem,Which of the states given in the options is associated to Mizoram State Museum?,Mizoram
sk19857,Nagaland,Art,State Prediction,gold_text_in_stem,"According to you, which of the following states houses the Bamboo and Cane Culture of Nagaland?",Nagaland
sk19859,Nagaland,Art,State Prediction,gold_state_name,"In which Indian state do blacksmiths traditionally forge dao (machetes), an essential part of Naga culture?",Nagaland
sk19860,Nagaland,Art,State Prediction,gold_state_name,"In which Indian state do the Angami Nagas create unique basketry designs, including the Khophi (a traditional Naga backpack)?",Nagaland
sk19861,Nagaland,Art,State Prediction,gold_text_in_stem,Which of the states given in the options is associated to Textiles of Nagaland?,Nagaland
sk19862,Nagaland,Art,State Prediction,gold_state_name,"In which Indian state do the Konyak Nagas create elaborate wooden log drums, traditionally used for communication and rituals?",Nagaland
sk19863,Nagaland,Art,State Prediction,gold_text_in_stem,Which state is famous for Bamboo and Cane Culture of Nagaland?,Nagaland
sk19864,Nagaland,Art,State Prediction,gold_text_in_stem,Which of the states given in the options is associated to Bamboo and Cane Culture of Nagaland?,Nagaland
sk19866,Nagaland,Art,State Prediction,gold_state_name,"In which Indian state do Lotha and Ao Nagas create colorful geometric textile patterns, symbolizing their folklore and history?",Nagaland
sk19867,Nagaland,Art,State Prediction,gold_text_in_stem,Which state is famous for Textiles of Nagaland?,Nagaland
sk19868,Nagaland,Art,State Prediction,gold_text_in_stem,"According to you, which of the following states houses the Textiles of Nagaland?",Nagaland
sk19869,Nagaland,Costume,State Prediction,gold_state_name,Which state is famous for Naga Shawl?,Nagaland
sk19870,Nagaland,Costume,State Prediction,gold_state_name,"Which Indian state is known for its traditional Ao Naga warrior shawl (Tsungkotepsu), featuring intricate animal and spear motifs?",Nagaland
sk19871,Nagaland,Costume,State Prediction,gold_state_name,Which of the states given in the options is associated to Naga Shawl?,Nagaland
sk19872,Nagaland,Costume,State Prediction,gold_state_name,"According to you, which of the following states houses the Naga Shawl?",Nagaland
sk19880,Nagaland,Cultural_Common_Sense,State Prediction,gold_state_name,"According to you, which of the following states houses the Lotha Naga?",Nagaland
sk19882,Nagaland,Cultural_Common_Sense,State Prediction,gold_state_name,"Which Indian state is known for its ancient Kisama Heritage Village, where the culture of Naga tribes is showcased?",Nagaland
sk19887,Nagaland,Cultural_Common_Sense,State Prediction,gold_state_name,Which state is famous for Lotha Naga?,Nagaland
sk19890,Nagaland,Cultural_Common_Sense,State Prediction,gold_state_name,Which of the states given in the options is associated to Lotha Naga?,Nagaland
sk19899,Nagaland,Dance_and_Music,State Prediction,gold_state_name,"According to you, which of the following states houses the Naga Drum?",Nagaland
sk19900,Nagaland,Dance_and_Music,State Prediction,gold_state_name,Which of the states given in the options is associated to Naga Drum?,Nagaland
sk19901,Nagaland,Dance_and_Music,State Prediction,gold_state_name,Which state is famous for Naga Drum?,Nagaland
sk19904,Nagaland,Festivals,State Prediction,gold_state_name,"In which Indian state is the Yemshe Festival, celebrated by the Pochury Naga tribe, an important festival marking the arrival of a new year?",Nagaland
sk19906,Nagaland,Festivals,State Prediction,gold_state_name,"Which Indian state hosts the Aoling Festival, marking the beginning of the new year for the Konyak Naga tribe?",Nagaland
sk19908,Nagaland,Festivals,State Prediction,gold_state_name,"Which Indian state celebrates the Moatsu Festival, a post-harvest festival observed by the Ao Naga tribe?",Nagaland
sk19916,Nagaland,Festivals,State Prediction,gold_state_name,"In which Indian state is the Tokhu Emong Festival, a post-harvest festival of the Lotha Naga tribe, observed?",Nagaland
sk19920,Nagaland,Festivals,State Prediction,gold_state_name,"In which Indian state do the Chakhesang Nagas celebrate the TsÃ¼khenyie Festival, a festival of purification and good fortune?",Nagaland
sk19923,Nagaland,Festivals,State Prediction,gold_state_name,"Which Indian state is home to the Rengma Naga tribe, who celebrate the Ngada Festival, a harvest festival?",Nagaland
sk19924,Nagaland,Festivals,State Prediction,gold_state_name,"In which Indian state is the famous Hornbill Festival, showcasing Naga culture, music, and traditions, celebrated annually?",Nagaland
sk19933,Nagaland,History,State Prediction,gold_state_name,"Which Indian state is associated with Phizo Angami, a key figure in the Naga independence movement?",Nagaland
sk19937,Nagaland,History,State Prediction,gold_state_name,"In which Indian state was the Naga National Council (NNC) formed in 1946, demanding political autonomy from British India?",Nagaland
sk19958,Nagaland,Rituals_and_Ceremonies,State Prediction,gold_state_name,"In which Indian state do the Lotha Nagas celebrate the Tokhu Emong Festival, a post-harvest festival that includes traditional blessings and reconciliation rituals?",Nagaland
sk19966,Nagaland,Rituals_and_Ceremonies,State Prediction,gold_state_name,"In which Indian state do Naga tribes conduct feast of merit ceremonies, where a personâs social status is elevated through community feasting?",Nagaland
sk19967,Nagaland,Rituals_and_Ceremonies,State Prediction,gold_state_name,"In which Indian state is the Tuluni Festival observed by the SÃ¼mi Naga tribe, where the drinking of rice beer symbolizes unity and friendship?",Nagaland
sk19968,Nagaland,Rituals_and_Ceremonies,State Prediction,gold_state_name,In which Indian state do the Konyak Nagas perform headhunting-related rituals as part of their historical warrior traditions?,Nagaland
sk19969,Nagaland,Sports,State Prediction,gold_state_name,Which of the states given in the options is associated to Kene (Naga wrestling)?,Nagaland
sk19970,Nagaland,Sports,State Prediction,gold_state_name,Which state is famous for Kene (Naga wrestling)?,Nagaland
sk19971,Nagaland,Sports,State Prediction,gold_state_name,"According to you, which of the following states houses the Kene (Naga wrestling)?",Nagaland
sk19972,Nagaland,Tourism,State Prediction,gold_text_in_stem,Which of the states given in the options is associated to Nagaland State Museum?,Nagaland
sk19985,Nagaland,Tourism,State Prediction,gold_text_in_stem,Which state is famous for Nagaland Zoological Park?,Nagaland
sk19986,Nagaland,Tourism,State Prediction,gold_text_in_stem,"According to you, which of the following states houses the Nagaland State Museum?",Nagaland
sk19987,Nagaland,Tourism,State Prediction,gold_text_in_stem,"According to you, which of the following states houses the Nagaland Zoological Park?",Nagaland
sk19988,Nagaland,Tourism,State Prediction,gold_text_in_stem,Which state is famous for Nagaland State Museum?,Nagaland
sk19989,Nagaland,Tourism,State Prediction,gold_text_in_stem,Which of the states given in the options is associated to Nagaland Zoological Park?,Nagaland
sk20048,Odisha,Language,State Prediction,gold_state_name,Which state is famous for Baleswari odia?,Odisha
sk20050,Odisha,Language,State Prediction,gold_state_name,Which of the states given in the options is associated to Baleswari odia?,Odisha
sk20054,Odisha,Language,State Prediction,gold_state_name,"According to you, which of the following states houses the Baleswari odia?",Odisha
sk20090,Puducherry,Cultural_Common_Sense,State Prediction,gold_text_in_stem,"According to you, which of the following states houses the French Consulate in Puducherry?",Puducherry
sk20106,Puducherry,Cultural_Common_Sense,State Prediction,gold_text_in_stem,Which state is famous for French Consulate in Puducherry?,Puducherry
sk20109,Puducherry,Cultural_Common_Sense,State Prediction,gold_text_in_stem,Which of the states given in the options is associated to French Consulate in Puducherry?,Puducherry
sk20118,Puducherry,History,State Prediction,gold_state_name,"According to you, which of the following states houses the French Institute of Pondicherry?",Puducherry
sk20122,Puducherry,History,State Prediction,gold_state_name,Which of the states given in the options is associated to French Institute of Pondicherry?,Puducherry
sk20130,Puducherry,History,State Prediction,gold_state_name,Which state is famous for French Institute of Pondicherry?,Puducherry
sk20162,Puducherry,Tourism,State Prediction,gold_state_name,"According to you, which of the following states houses the Cycle Tour Pondicherry?",Puducherry
sk20164,Puducherry,Tourism,State Prediction,gold_state_name,Which of the states given in the options is associated to Pondicherry Lighthouse?,Puducherry
sk20166,Puducherry,Tourism,State Prediction,gold_state_name,"Which of the states given in the options is associated to Beach Road pedestrian zone, Pondicherry?",Puducherry
sk20167,Puducherry,Tourism,State Prediction,gold_state_name,Which state is famous for Cycle Tour Pondicherry?,Puducherry
sk20168,Puducherry,Tourism,State Prediction,gold_state_name,Which state is famous for Pondicherry Lighthouse?,Puducherry
sk20170,Puducherry,Tourism,State Prediction,gold_state_name,"According to you, which of the following states houses the Beach Road pedestrian zone, Pondicherry?",Puducherry
sk20172,Puducherry,Tourism,State Prediction,gold_state_name,"According to you, which of the following states houses the Pondicherry Lighthouse?",Puducherry
sk20173,Puducherry,Tourism,State Prediction,gold_state_name,Which of the states given in the options is associated to Cycle Tour Pondicherry?,Puducherry
sk20174,Puducherry,Tourism,State Prediction,gold_state_name,"Which state is famous for Beach Road pedestrian zone, Pondicherry?",Puducherry
sk20177,Punjab,Art,State Prediction,gold_state_name,Which of the states given in the options is associated to Punjabi Pidhis?,Punjab
sk20178,Punjab,Art,State Prediction,gold_state_name,"According to you, which of the following states houses the Punjabi Pidhis?",Punjab
sk20179,Punjab,Art,State Prediction,gold_text_in_stem,Which of the states given in the options is associated to Phulkari embroidery in punjab?,Punjab
sk20181,Punjab,Art,State Prediction,gold_text_in_stem,"According to you, which of the following states houses the Phulkari embroidery in punjab?",Punjab
sk20184,Punjab,Art,State Prediction,gold_state_name,Which state is famous for Punjabi Pidhis?,Punjab
sk20187,Punjab,Art,State Prediction,gold_text_in_stem,Which state is famous for Phulkari embroidery in punjab?,Punjab
sk20190,Punjab,Costume,State Prediction,gold_state_name,Which of the states given in the options is associated to Lacha Punjabi?,Punjab
sk20191,Punjab,Costume,State Prediction,gold_state_name,Which state is famous for Lacha Punjabi?,Punjab
sk20194,Punjab,Costume,State Prediction,gold_state_name,"According to you, which of the following states houses the Lacha Punjabi?",Punjab
sk20208,Punjab,Dance_and_Music,State Prediction,gold_text_in_stem,Which state is famous for Algoza wind instrument in punjab?,Punjab
sk20214,Punjab,Dance_and_Music,State Prediction,gold_text_in_stem,"According to you, which of the following states houses the Algoza wind instrument in punjab?",Punjab
sk20230,Punjab,Dance_and_Music,State Prediction,gold_text_in_stem,Which of the states given in the options is associated to Algoza wind instrument in punjab?,Punjab
sk20249,Punjab,Language,State Prediction,gold_state_name,Which of the states given in the options is associated to Punjabi proverbs?,Punjab
sk20254,Punjab,Language,State Prediction,gold_state_name,"According to you, which of the following states houses the Punjabi proverbs?",Punjab
sk20255,Punjab,Language,State Prediction,gold_state_name,Which state is famous for Punjabi proverbs?,Punjab
sk20270,Punjab,Sports,State Prediction,gold_state_name,Which of the states given in the options is associated to Punjabi kabaddi?,Punjab
sk20271,Punjab,Sports,State Prediction,gold_state_name,Which state is famous for Punjabi kabaddi?,Punjab
sk20272,Punjab,Sports,State Prediction,gold_state_name,"According to you, which of the following states houses the Punjabi kabaddi?",Punjab
sk20290,Rajasthan,Costume,State Prediction,gold_text_in_stem,Which of the states given in the options is associated to Ghagra Choli in rajasthan?,Rajasthan
sk20291,Rajasthan,Costume,State Prediction,gold_text_in_stem,Which state is famous for Safa and Pagri in rajasthan?,Rajasthan
sk20293,Rajasthan,Costume,State Prediction,gold_text_in_stem,"According to you, which of the following states houses the Angarkha in rajasthan?",Rajasthan
sk20297,Rajasthan,Costume,State Prediction,gold_text_in_stem,Which of the states given in the options is associated to Angarkha in rajasthan?,Rajasthan
sk20300,Rajasthan,Costume,State Prediction,gold_text_in_stem,"According to you, which of the following states houses the Ghagra Choli in rajasthan?",Rajasthan
sk20302,Rajasthan,Costume,State Prediction,gold_text_in_stem,Which state is famous for Angarkha in rajasthan?,Rajasthan
sk20303,Rajasthan,Costume,State Prediction,gold_text_in_stem,"According to you, which of the following states houses the Safa and Pagri in rajasthan?",Rajasthan
sk20304,Rajasthan,Costume,State Prediction,gold_text_in_stem,Which of the states given in the options is associated to Safa and Pagri in rajasthan?,Rajasthan
sk20306,Rajasthan,Costume,State Prediction,gold_text_in_stem,Which state is famous for Ghagra Choli in rajasthan?,Rajasthan
sk20312,Rajasthan,Cuisine,State Prediction,gold_text_in_stem,Which of the states given in the options is associated to Bikaneri Bhujia in rajasthan?,Rajasthan
sk20314,Rajasthan,Cuisine,State Prediction,gold_text_in_stem,"According to you, which of the following states houses the Bikaneri Bhujia in rajasthan?",Rajasthan
sk20318,Rajasthan,Cuisine,State Prediction,gold_text_in_stem,Which state is famous for Bikaneri Bhujia in rajasthan?,Rajasthan
sk20328,Rajasthan,Dance_and_Music,State Prediction,gold_text_in_stem,Which state is famous for Maand in rajasthan?,Rajasthan
sk20329,Rajasthan,Dance_and_Music,State Prediction,gold_text_in_stem,Which of the states given in the options is associated to Maand in rajasthan?,Rajasthan
sk20348,Rajasthan,Dance_and_Music,State Prediction,gold_text_in_stem,"According to you, which of the following states houses the Maand in rajasthan?",Rajasthan
sk20374,Sikkim,Art,State Prediction,gold_text_in_stem,"According to you, which of the following states houses the Sikkim Carpet Weaving Art?",Sikkim
sk20388,Sikkim,Art,State Prediction,gold_text_in_stem,Which state is famous for Sikkim Cane and Bamboo craft?,Sikkim
sk20398,Sikkim,Art,State Prediction,gold_text_in_stem,Which of the states given in the options is associated to Sikkim Carpet Weaving Art?,Sikkim
sk20404,Sikkim,Art,State Prediction,gold_text_in_stem,Which state is famous for Sikkim Carpet Weaving Art?,Sikkim
sk20408,Sikkim,Art,State Prediction,gold_text_in_stem,Which of the states given in the options is associated to Sikkim Cane and Bamboo craft?,Sikkim
sk20409,Sikkim,Art,State Prediction,gold_text_in_stem,"According to you, which of the following states houses the Sikkim Cane and Bamboo craft?",Sikkim
sk20414,Sikkim,Cuisine,State Prediction,gold_text_in_stem,Which of the states given in the options is associated to Sikkim cuisine?,Sikkim
sk20415,Sikkim,Cuisine,State Prediction,gold_text_in_stem,Which state is famous for Sikkim cuisine?,Sikkim
sk20416,Sikkim,Cuisine,State Prediction,gold_text_in_stem,"According to you, which of the following states houses the Sikkim cuisine?",Sikkim
sk20419,Sikkim,Cultural_Common_Sense,State Prediction,gold_text_in_stem,Which state is famous for Sikkim Express?,Sikkim
sk20421,Sikkim,Cultural_Common_Sense,State Prediction,gold_text_in_stem,Which state is famous for Emblem of Sikkim?,Sikkim
sk20422,Sikkim,Cultural_Common_Sense,State Prediction,gold_text_in_stem,"According to you, which of the following states houses the Emblem of Sikkim?",Sikkim
sk20423,Sikkim,Cultural_Common_Sense,State Prediction,gold_text_in_stem,Which of the states given in the options is associated to Sikkim University?,Sikkim
sk20424,Sikkim,Cultural_Common_Sense,State Prediction,gold_text_in_stem,"According to you, which of the following states houses the Sikkim Express?",Sikkim
sk20425,Sikkim,Cultural_Common_Sense,State Prediction,gold_text_in_stem,"Which state is famous for National Institute of Technology, Sikkim?",Sikkim
sk20426,Sikkim,Cultural_Common_Sense,State Prediction,gold_text_in_stem,Which of the states given in the options is associated to Sikkim Express?,Sikkim
sk20427,Sikkim,Cultural_Common_Sense,State Prediction,gold_text_in_stem,Which state is famous for Sikkim University?,Sikkim
sk20428,Sikkim,Cultural_Common_Sense,State Prediction,gold_text_in_stem,Which of the states given in the options is associated to Emblem of Sikkim?,Sikkim
sk20429,Sikkim,Cultural_Common_Sense,State Prediction,gold_text_in_stem,"Which of the states given in the options is associated to National Institute of Technology, Sikkim?",Sikkim
sk20430,Sikkim,Cultural_Common_Sense,State Prediction,gold_text_in_stem,"According to you, which of the following states houses the National Institute of Technology, Sikkim?",Sikkim
sk20432,Sikkim,Cultural_Common_Sense,State Prediction,gold_text_in_stem,"According to you, which of the following states houses the Sikkim University?",Sikkim
sk20440,Sikkim,Dance_and_Music,State Prediction,gold_text_in_stem,Which state is famous for Music of Sikkim?,Sikkim
sk20441,Sikkim,Dance_and_Music,State Prediction,gold_text_in_stem,Which of the states given in the options is associated to Music of Sikkim?,Sikkim
sk20442,Sikkim,Dance_and_Music,State Prediction,gold_text_in_stem,"According to you, which of the following states houses the Music of Sikkim?",Sikkim
sk20444,Sikkim,History,State Prediction,gold_state_name,Which state is famous for Sikkimese people?,Sikkim
sk20446,Sikkim,History,State Prediction,gold_state_name,Which of the states given in the options is associated to Sikkimese people?,Sikkim
sk20458,Sikkim,History,State Prediction,gold_state_name,"According to you, which of the following states houses the Sikkimese people?",Sikkim
sk20574,Tamil_Nadu,Art,State Prediction,gold_state_name,"According to you, which of the following states houses the Tamil handloom motifs?",Tamil_Nadu
sk20582,Tamil_Nadu,Art,State Prediction,gold_state_name,Which of the states given in the options is associated to Tamil handloom motifs?,Tamil_Nadu
sk20585,Tamil_Nadu,Art,State Prediction,gold_state_name,Which state is famous for Tamil handloom motifs?,Tamil_Nadu
sk20615,Tamil_Nadu,Cuisine,State Prediction,gold_state_name,Which state is famous for Tamil tempering?,Tamil_Nadu
sk20620,Tamil_Nadu,Cuisine,State Prediction,gold_state_name,Which of the states given in the options is associated to Tamil tempering?,Tamil_Nadu
sk20624,Tamil_Nadu,Cuisine,State Prediction,gold_state_name,"According to you, which of the following states houses the Tamil tempering?",Tamil_Nadu
sk20688,Tamil_Nadu,History,State Prediction,gold_state_name,Which of the states given in the options is associated to Tamil palm-leaf manuscripts?,Tamil_Nadu
sk20691,Tamil_Nadu,History,State Prediction,gold_state_name,"According to you, which of the following states houses the Tamil palm-leaf manuscripts?",Tamil_Nadu
sk20692,Tamil_Nadu,History,State Prediction,gold_state_name,Which state is famous for Tamil palm-leaf manuscripts?,Tamil_Nadu
sk20699,Tamil_Nadu,Language,State Prediction,gold_state_name,"According to you, which of the following states houses the Tamil script?",Tamil_Nadu
sk20700,Tamil_Nadu,Language,State Prediction,gold_state_name,Which state is famous for Tamil language?,Tamil_Nadu
sk20701,Tamil_Nadu,Language,State Prediction,gold_state_name,Which state is famous for Tamil script?,Tamil_Nadu
sk20702,Tamil_Nadu,Language,State Prediction,gold_state_name,"According to you, which of the following states houses the Tamil language?",Tamil_Nadu
sk20703,Tamil_Nadu,Language,State Prediction,gold_state_name,Which of the states given in the options is associated to Tamil language?,Tamil_Nadu
sk20704,Tamil_Nadu,Language,State Prediction,gold_state_name,Which of the states given in the options is associated to Tamil script?,Tamil_Nadu
sk20794,Telangana,Cuisine,State Prediction,gold_text_in_stem,Which of the states given in the options is associated to Telangana cuisine?,Telangana
sk20796,Telangana,Cuisine,State Prediction,gold_text_in_stem,"According to you, which of the following states houses the Telangana cuisine?",Telangana
sk20798,Telangana,Cuisine,State Prediction,gold_text_in_stem,Which state is famous for Telangana cuisine?,Telangana
sk20805,Telangana,Cultural_Common_Sense,State Prediction,gold_text_in_stem,Which state is famous for Emblem of Telangana?,Telangana
sk20826,Telangana,Cultural_Common_Sense,State Prediction,gold_text_in_stem,"According to you, which of the following states houses the Emblem of Telangana?",Telangana
sk20831,Telangana,Cultural_Common_Sense,State Prediction,gold_text_in_stem,Which of the states given in the options is associated to Emblem of Telangana?,Telangana
sk20884,Telangana,Festivals,State Prediction,gold_text_in_stem,"According to you, which of the following states houses the Kakatiya Festival in telangana?",Telangana
sk20888,Telangana,Festivals,State Prediction,gold_text_in_stem,Which of the states given in the options is associated to Kakatiya Festival in telangana?,Telangana
sk20890,Telangana,Festivals,State Prediction,gold_text_in_stem,Which state is famous for Kakatiya Festival in telangana?,Telangana
sk20995,Telangana,Language,State Prediction,gold_text_in_stem,"In which Indian state is the Telangana dialect of Telugu, known for its distinct pronunciation and vocabulary, widely spoken?",Telangana
sk20996,Telangana,Language,State Prediction,gold_text_in_stem,"Which Indian state has many folk songs and poetry in the Telangana Telugu dialect, often sung during Bonalu and Bathukamma festivals?",Telangana
sk21027,Telangana,Personalities,State Prediction,gold_text_in_stem,"Which Indian state is home to K. Chandrashekar Rao (KCR), the founding leader of the Telangana movement and the first Chief Minister of the state?",Telangana
sk21173,Telangana,Tourism,State Prediction,gold_text_in_stem,Which of the states given in the options is associated to Telangana State Archaeology Museum?,Telangana
sk21186,Telangana,Tourism,State Prediction,gold_text_in_stem,"According to you, which of the following states houses the Telangana State Archaeology Museum?",Telangana
sk21230,Telangana,Tourism,State Prediction,gold_text_in_stem,Which state is famous for Telangana State Archaeology Museum?,Telangana
sk21265,Tripura,Cultural_Common_Sense,State Prediction,gold_state_name,In which Indian state are communities like the Tripuri historically influenced by the Bengali Hindusâ language and customs?,Tripura
sk21268,Tripura,Cultural_Common_Sense,State Prediction,gold_text_in_stem,"According to you, which of the following states houses the Tripura Tribal Areas Autonomous District Council?",Tripura
sk21269,Tripura,Cultural_Common_Sense,State Prediction,gold_text_in_stem,Which of the states given in the options is associated to Tripura Tribal Areas Autonomous District Council?,Tripura
sk21271,Tripura,Cultural_Common_Sense,State Prediction,gold_state_name,"Which Indian state is home to the Tripuri traditional dress Rignai and Risa, worn by the indigenous Tripuri women?",Tripura
sk21275,Tripura,Cultural_Common_Sense,State Prediction,gold_text_in_stem,"Which state is famous for Kamalpur, Tripura?",Tripura
sk21276,Tripura,Cultural_Common_Sense,State Prediction,gold_state_name,"According to you, which of the following states houses the Tripuri, Reang, and Garo communities?",Tripura
sk21283,Tripura,Cultural_Common_Sense,State Prediction,gold_text_in_stem,Which state is famous for Tripura Tribal Areas Autonomous District Council?,Tripura
sk21286,Tripura,Cultural_Common_Sense,State Prediction,gold_text_in_stem,"According to you, which of the following states houses the Kamalpur, Tripura?",Tripura
sk21289,Tripura,Cultural_Common_Sense,State Prediction,gold_text_in_stem,Which state is famous for Tripura State Tribal Museum?,Tripura
sk21292,Tripura,Cultural_Common_Sense,State Prediction,gold_text_in_stem,Which of the states given in the options is associated to Tripura State Tribal Museum?,Tripura
sk21294,Tripura,Cultural_Common_Sense,State Prediction,gold_state_name,"Which of the states given in the options is associated to Tripuri, Reang, and Garo communities?",Tripura
sk21296,Tripura,Cultural_Common_Sense,State Prediction,gold_text_in_stem,"According to you, which of the following states houses the Emblem of Tripura?",Tripura
sk21299,Tripura,Cultural_Common_Sense,State Prediction,gold_text_in_stem,"Which of the states given in the options is associated to Kamalpur, Tripura?",Tripura
sk21300,Tripura,Cultural_Common_Sense,State Prediction,gold_state_name,"Which state is famous for Tripuri, Reang, and Garo communities?",Tripura
sk21304,Tripura,Cultural_Common_Sense,State Prediction,gold_text_in_stem,Which of the states given in the options is associated to Emblem of Tripura?,Tripura
sk21315,Tripura,Cultural_Common_Sense,State Prediction,gold_state_name,"In which Indian stateâs culture do the Tripuri, Rang, and Garo communities hold strong ties to forest-based livelihoods?",Tripura
sk21317,Tripura,Cultural_Common_Sense,State Prediction,gold_state_name,"In which Indian state do tribes like Tripuri, Kuki, and Mizo predominantly inhabit forest regions?",Tripura
sk21321,Tripura,Cultural_Common_Sense,State Prediction,gold_state_name,"Which Indian state is recognized for the cultural traditions of the Tripuri people, historically linked to the Tibetan region?",Tripura
sk21323,Tripura,Cultural_Common_Sense,State Prediction,gold_text_in_stem,"According to you, which of the following states houses the Tripura State Tribal Museum?",Tripura
sk21324,Tripura,Cultural_Common_Sense,State Prediction,gold_text_in_stem,Which state is famous for Emblem of Tripura?,Tripura
sk21327,Tripura,Cultural_Common_Sense,State Prediction,gold_state_name,"In which Indian state did the Tripuri king historically adopt Bengali court language, influencing local culture?",Tripura
sk21329,Tripura,Dance_and_Music,State Prediction,gold_text_in_stem,Which of the states given in the options is associated to Dances of Tripura?,Tripura
sk21330,Tripura,Dance_and_Music,State Prediction,gold_text_in_stem,Which state is famous for Dances of Tripura?,Tripura
sk21331,Tripura,Dance_and_Music,State Prediction,gold_text_in_stem,"According to you, which of the following states houses the Dances of Tripura?",Tripura
sk21337,Tripura,History,State Prediction,gold_text_in_stem,"According to you, which of the following states houses the Pilak, Tripura?",Tripura
sk21343,Tripura,History,State Prediction,gold_text_in_stem,"Which Indian state joined India in 1949, after the Queen of Tripura signed a formal agreement on 9 September of that year?",Tripura
sk21348,Tripura,History,State Prediction,gold_state_name,Which Indian state experienced tensions between local Tripuri communities and arriving Hindu Bengalis after 1949?,Tripura
sk21367,Tripura,History,State Prediction,gold_text_in_stem,"Which of the states given in the options is associated to Pilak, Tripura?",Tripura
sk21372,Tripura,History,State Prediction,gold_text_in_stem,"Which state is famous for Pilak, Tripura?",Tripura
sk21378,Tripura,History,State Prediction,gold_text_in_stem,"Which Indian state's history is detailed in the 'Rajmala,' chronicling the King of Tripura and Muslim historians?",Tripura
sk21381,Tripura,History,State Prediction,gold_state_name,In which Indian state did the Mughal Empire heavily influence the selection of local Tripuri kings?,Tripura
sk21400,Tripura,Religion,State Prediction,gold_text_in_stem,Which of the states given in the options is associated to Tripura Sundari Temple?,Tripura
sk21407,Tripura,Religion,State Prediction,gold_text_in_stem,"According to you, which of the following states houses the Tripura Sundari Temple?",Tripura
sk21408,Tripura,Religion,State Prediction,gold_text_in_stem,Which state is famous for Tripura Sundari Temple?,Tripura
sk21593,Uttarakhand,Cuisine,State Prediction,gold_text_in_stem,Which state is famous for Uttarakhand cuisine?,Uttarakhand
sk21595,Uttarakhand,Cuisine,State Prediction,gold_text_in_stem,"According to you, which of the following states houses the Uttarakhand cuisine?",Uttarakhand
sk21603,Uttarakhand,Cuisine,State Prediction,gold_text_in_stem,Which of the states given in the options is associated to Uttarakhand cuisine?,Uttarakhand
sk21606,Uttarakhand,Dance_and_Music,State Prediction,gold_state_name,Which of the states given in the options is associated to Garhwali Lokgeet?,Uttarakhand
sk21616,Uttarakhand,Dance_and_Music,State Prediction,gold_state_name,"According to you, which of the following states houses the Garhwali Lokgeet?",Uttarakhand
sk21622,Uttarakhand,Dance_and_Music,State Prediction,gold_state_name,Which state is famous for Garhwali Lokgeet?,Uttarakhand
sk21677,Uttarakhand,Language,State Prediction,gold_state_name,"According to you, which of the following states houses the Kumaoni?",Uttarakhand
sk21679,Uttarakhand,Language,State Prediction,gold_state_name,Which state is famous for Kumaoni dialects?,Uttarakhand
sk21680,Uttarakhand,Language,State Prediction,gold_state_name,Which of the states given in the options is associated to Kumaoni dialects?,Uttarakhand
sk21683,Uttarakhand,Language,State Prediction,gold_state_name,"According to you, which of the following states houses the Kumaoni dialects?",Uttarakhand
sk21685,Uttarakhand,Language,State Prediction,gold_state_name,Which state is famous for Kumaoni?,Uttarakhand
sk21687,Uttarakhand,Language,State Prediction,gold_state_name,Which of the states given in the options is associated to Kumaoni?,Uttarakhand
sk21781,West_Bengal,Cultural_Common_Sense,State Prediction,gold_state_name,"According to you, which of the following states houses the Bengal Renaissance?",West_Bengal
sk21782,West_Bengal,Cultural_Common_Sense,State Prediction,gold_state_name,Which state is famous for Bengal Renaissance?,West_Bengal
sk21783,West_Bengal,Cultural_Common_Sense,State Prediction,gold_state_name,Which of the states given in the options is associated to Bengal Renaissance?,West_Bengal
